{"type": "FeatureCollection", "features": [{"type": "Feature", "geometry": {"type": "MultiPolygon", "coordinates": [[[[3.9943558982925875, 51.91606244570504], [3.994387666438184, 51.91607052082993], [3.994419720198503, 51.916078667651185], [3.9944932777164475, 51.91609736378402], [3.9946179294147672, 51.91610235108816], [3.9942771363260268, 51.91602280744486], [3.9943558982925875, 51.91606244570504]]], [[[3.9942543680354317, 51.916017493553916], [3.9935268193412305, 51.91584767472216], [3.993501616678844, 51.9158544385781], [3.99322593118487, 51.91594756298443], [3.9931968833651696, 51.91595737525827], [3.993051220079762, 51.91598988669322], [3.992904291908037, 51.91596530541772], [3.992808506848072, 51.91597940434324], [3.9927323260695813, 51.91605460962685], [3.992727183297074, 51.91612114395692], [3.9927099743981773, 51.916179924704245], [3.992689510569648, 51.91624437500805], [3.992690231894952, 51.9163185874917], [3.9927745235664247, 51.916378572313455], [3.992840968431884, 51.91642755716996], [3.9928768158203938, 51.91645398422521], [3.9930969151372633, 51.91650035025178], [3.993263248636397, 51.91649472470582], [3.9933377552288674, 51.91647468897401], [3.9933949938837743, 51.91641495654113], [3.993385009438957, 51.9163648908643], [3.9933907709818857, 51.91630312099372], [3.9934467375087728, 51.916234810243026], [3.993649542759761, 51.91614445865822], [3.9939282841101527, 51.91608592613587], [3.9940065792096493, 51.91604166474078], [3.994122991882908, 51.91600735165572], [3.9942543680354317, 51.916017493553916]]], [[[3.9914680720499955, 51.91748158041356], [3.9916386112264943, 51.917377766695395], [3.9917355432288772, 51.917290916674396], [3.9917778710363065, 51.9172283910774], [3.9918406057873947, 51.91712805350199], [3.9919355773952923, 51.91704236931938], [3.9920174996450504, 51.91700528800085], [3.992095725830823, 51.916963405594544], [3.9922213478064363, 51.91694349131573], [3.9923772443298793, 51.91687755704145], [3.9925935880775008, 51.91684682857051], [3.992620499427166, 51.91684999498529], [3.9927622069969213, 51.9168666687532], [3.9927524431333676, 51.9168094699371], [3.992771406441813, 51.91675618089674], [3.9927783165178306, 51.916719396938966], [3.9927455221558334, 51.91666073723556], [3.9927220219400232, 51.91664125262861], [3.992648029450067, 51.91657990232272], [3.992538117657458, 51.9165274617763], [3.9924439169858776, 51.91646450412691], [3.9924270426922424, 51.91642564260539], [3.992413969918989, 51.91639553235253], [3.992380659833499, 51.91639596832434], [3.9923495675888465, 51.91639833905015], [3.9922862028060395, 51.91640317073662], [3.9921890139619536, 51.91643650397101], [3.9920991798867798, 51.9164806262339], [3.992001398560682, 51.916532979020275], [3.991916373066729, 51.91660807873915], [3.9917540076233284, 51.91669653014485], [3.991538959178135, 51.91680932854529], [3.991357146763256, 51.916904684056476], [3.991131301455995, 51.916993569549454], [3.990937767466623, 51.917094730635995], [3.990715397363337, 51.917195548596126], [3.9905351325675866, 51.917240974035174], [3.9902582297956672, 51.91730189816154], [3.989989458703677, 51.91734864875545], [3.989758212617732, 51.917363735393565], [3.9895946566488654, 51.9173665466484], [3.989369510888992, 51.917371003344826], [3.9892577868521704, 51.91737680858751], [3.98913830149205, 51.9173848999186], [3.989106879471146, 51.917384199620365], [3.9889096050723865, 51.9173798000988], [3.9887138126693946, 51.91736795587096], [3.9884129167618547, 51.91733464283993], [3.9880068795382777, 51.91728104902477], [3.9877756040291676, 51.91725152379551], [3.987667831645867, 51.917237765337504], [3.9874767742932145, 51.91719743441354], [3.987188341943216, 51.917134536412874], [3.9869346613720897, 51.917067294827106], [3.986804306825803, 51.917053848877124], [3.986741052829227, 51.91704714922714], [3.9866331372848816, 51.91705418666081], [3.9865459618378187, 51.91707455344131], [3.9865081007010383, 51.91711691354665], [3.986499114647498, 51.91715842867814], [3.9865248782282503, 51.91719560103554], [3.986617890828492, 51.91723476542815], [3.9870832213624645, 51.91736042253037], [3.9871216767796924, 51.917368433704006], [3.987513138632555, 51.91744998083963], [3.9878573987204575, 51.917511164521265], [3.988201696778788, 51.917571158351095], [3.9884986023695843, 51.9176091815305], [3.9888878211598944, 51.917647113601156], [3.9890353966859347, 51.917652827335964], [3.989315739191856, 51.91766368069503], [3.9894436717039863, 51.91766520306612], [3.9897778026622674, 51.91766127151301], [3.9900225821618034, 51.917643967223725], [3.9900552628108836, 51.91764435593362], [3.9900625093733137, 51.9176587126342], [3.990047150117064, 51.91767238245804], [3.990042730576532, 51.91767631574594], [3.9900354729180925, 51.91767797334579], [3.989998181750613, 51.91768648852491], [3.989953411030191, 51.91770379435227], [3.9899451410162454, 51.91772121971816], [3.9899348891589037, 51.91774281771334], [3.9898830194234263, 51.9178028506023], [3.9898587911090155, 51.91780931605185], [3.9898190228481005, 51.91781992767781], [3.9898108983651914, 51.91782715820523], [3.989799243913074, 51.91783752984942], [3.989807747326565, 51.917873307732854], [3.9898166745636563, 51.91788564836624], [3.9898372482511606, 51.91791409163774], [3.9898915947836238, 51.917959928220974], [3.989944684427102, 51.91798434451193], [3.9899911561645283, 51.917974193723516], [3.9900015440769874, 51.91794934411517], [3.9900467587192554, 51.91791777303818], [3.990122919304132, 51.917880624480034], [3.9902104644191665, 51.917848367504064], [3.99031893440434, 51.91782349500342], [3.9904712522759906, 51.917811035724526], [3.9906175436541145, 51.91780682868713], [3.9907434273084426, 51.91777859498035], [3.9908043898815757, 51.91773531889221], [3.9909734059184188, 51.91768339579707], [3.9910354530259013, 51.9176643343635], [3.991270543833368, 51.917587450832826], [3.9914680720499955, 51.91748158041356]]], [[[4.149306449510617, 51.98398393854481], [4.1489719261997, 51.98355163882871], [4.148951832998551, 51.9835259073327], [4.14895159426559, 51.98352559020207], [4.148770954042565, 51.983294233390595], [4.148728490305667, 51.983239851862216], [4.148676240667274, 51.98317292640101], [4.1486729519585985, 51.98316865791935], [4.148301296404711, 51.98268602188663], [4.147363369340875, 51.98149816581467], [4.147280441578191, 51.981393144215865], [4.147313075760724, 51.9813837979706], [4.147410699232357, 51.98135584613038], [4.147412914901845, 51.98135521327967], [4.148466428638447, 51.98105352817613], [4.150750943242011, 51.98046315109407], [4.151244974321254, 51.98033513385562], [4.152496027936102, 51.980010948164875], [4.152683227626262, 51.9799729924864], [4.152688453642821, 51.97997193268783], [4.154041060319483, 51.97971090195572], [4.154142463349088, 51.97969555990885], [4.15420499196375, 51.979694786095386], [4.154356988991103, 51.979692891488256], [4.154888471388079, 51.979695179655366], [4.154925506301767, 51.97969616091811], [4.155308497156757, 51.97970627608945], [4.155348441399843, 51.97970733263291], [4.155300480614576, 51.97938014939347], [4.155262674745752, 51.97913534948006], [4.155062349222725, 51.97783792531256], [4.159310026819296, 51.976777891921714], [4.159639837327302, 51.97674377803737], [4.163564292701327, 51.97564628142565], [4.163709500383648, 51.97560405999655], [4.165711418619297, 51.97500283941371], [4.16594951877676, 51.97500268681431], [4.169605257745225, 51.973973177617474], [4.170252615430028, 51.9737608582063], [4.170335420114951, 51.97366688922909], [4.170904942709683, 51.97347667415946], [4.172167025856537, 51.97305513236983], [4.172239222976043, 51.972958176006635], [4.172653372920345, 51.97280827260974], [4.172805150798767, 51.97275333443955], [4.173029972355601, 51.972685684454746], [4.175100291882596, 51.971987794926285], [4.175898038277569, 51.97169365678971], [4.177071360765211, 51.971222967450366], [4.177820569147113, 51.97089221698977], [4.178804908978835, 51.97049460797381], [4.179241628124554, 51.97031883621937], [4.17983888995684, 51.97009368898163], [4.17985548942052, 51.970087432189686], [4.179950506850664, 51.97005619066168], [4.179971871229939, 51.970049173742794], [4.180028998661406, 51.970033867394086], [4.180094091861775, 51.97000809860394], [4.181132399117144, 51.96958121618212], [4.181211836807426, 51.96954855543134], [4.181760365590747, 51.96930071377611], [4.182063035359503, 51.969168413093016], [4.182661330061072, 51.968906901421505], [4.1829525973682244, 51.96877955153387], [4.183891417915002, 51.96836908318266], [4.184806791539262, 51.96798031001626], [4.185142550870571, 51.96783769671742], [4.18749266949459, 51.96683687613635], [4.1874744707742355, 51.96681757979551], [4.186579969107337, 51.965868943991794], [4.1871638167541025, 51.96565797850623], [4.187908763092728, 51.96539483545336], [4.187917841759437, 51.965391638030944], [4.187927385623698, 51.96538900267204], [4.187937306195863, 51.96538697341987], [4.187947501639304, 51.96538554923571], [4.187957884184783, 51.96538474720277], [4.187968322419414, 51.96538458395928], [4.187978758150731, 51.96538505891177], [4.187989046137881, 51.96538616159052], [4.187999128428684, 51.96538788241552], [4.188008874330196, 51.96539021106537], [4.188018211582487, 51.96539312882518], [4.188027025001268, 51.965396589575754], [4.188035256874207, 51.96540057475034], [4.188042806805121, 51.965405029391434], [4.188049617081808, 51.96540993493258], [4.1880703163284005, 51.96542931061761], [4.1882034319598604, 51.96536804095759], [4.188294262749225, 51.965326232905696], [4.188336518131365, 51.965306770848514], [4.188529066683552, 51.9652181506553], [4.188650385112608, 51.96530431550416], [4.188692465309043, 51.96533390477353], [4.1887394845671215, 51.96536055100026], [4.188851003939995, 51.965416978896535], [4.18888528989282, 51.96543056009023], [4.188912837569447, 51.965440351159074], [4.189123007085888, 51.96550493008147], [4.190510426391489, 51.966009065133136], [4.1905577354050445, 51.965962156208505], [4.1906086916287055, 51.96598147969976], [4.190649178388555, 51.96594319374025], [4.190741975401961, 51.965855433833276], [4.190750230999324, 51.96584762542935], [4.190899860004297, 51.96570614965935], [4.190915035834961, 51.96571168844917], [4.191032747260691, 51.96559983039064], [4.1911095337533055, 51.96552687413371], [4.191196009910197, 51.9654447037062], [4.190464462454522, 51.96516957790156], [4.189369355035088, 51.9647577165858], [4.188758227087351, 51.96428877987857], [4.188383017658503, 51.96400087516671], [4.1873203147356195, 51.9631853925928], [4.187263421906171, 51.96314173662858], [4.1867543152108455, 51.962751045900426], [4.1867468909879735, 51.96274354516482], [4.186740421235915, 51.96273572157582], [4.186734904992803, 51.962727611079806], [4.186730413312053, 51.9627192773258], [4.186726945471776, 51.962710747273555], [4.18672454343083, 51.96270208427478], [4.186723191439015, 51.962693333114075], [4.1867229316952805, 51.96268454815659], [4.186723733902694, 51.962675774038246], [4.186725611405688, 51.962667055840846], [4.186728547973722, 51.9626584563217], [4.1867325278571235, 51.96265002026537], [4.186737535306002, 51.962641792456196], [4.1867435254759995, 51.96263381738175], [4.186750482377302, 51.96262614881293], [4.187092890955097, 51.962143362297056], [4.187369062451301, 51.96175396056668], [4.187782389089388, 51.961171155348396], [4.1881914566541205, 51.96059433702854], [4.188926680312872, 51.95955574730986], [4.1899382881394525, 51.95812665108009], [4.190121729220104, 51.95786544481821], [4.191311160671474, 51.95617178327409], [4.191367448178478, 51.95609162495925], [4.1917702565708135, 51.95553163017714], [4.1920454502735645, 51.95521250227306], [4.192395947632096, 51.954805794422704], [4.194416934186167, 51.95376005572092], [4.196171918453857, 51.95285409239325], [4.196812656890998, 51.95252331091702], [4.197789336835512, 51.952019091737476], [4.19784497201291, 51.95199036811803], [4.197840906504282, 51.95198622799339], [4.198442044805421, 51.951679829036166], [4.199264740420922, 51.95126048874011], [4.200649652492612, 51.95054038073452], [4.2007653385153905, 51.95048014384519], [4.201023215802809, 51.950345860257656], [4.201301328348401, 51.950201047269054], [4.2014013037831335, 51.95014899315365], [4.201390381568544, 51.95011364594803], [4.201363864322267, 51.95008272588549], [4.201394034146222, 51.95006678692646], [4.201451708933003, 51.95009173783233], [4.2015301275162535, 51.9500792517496], [4.2047063661788515, 51.94843524682834], [4.2050211237796455, 51.94827232128453], [4.206924287217904, 51.94728632179478], [4.207481928354574, 51.94699741014547], [4.210267070313826, 51.94554904274379], [4.211805946311809, 51.94475417383573], [4.213479278787752, 51.943889802816415], [4.215559541639699, 51.942810131797714], [4.2169158863976826, 51.942106135774466], [4.2175730474758195, 51.94176615703324], [4.217823634007171, 51.94163651990262], [4.219232281988336, 51.941551984161386], [4.2196876323043035, 51.94152464963356], [4.219528688476144, 51.94139952601664], [4.219453160572929, 51.941403989520026], [4.219310638214266, 51.94124140063305], [4.217467929959682, 51.93914068299405], [4.215924478008715, 51.9373824323554], [4.215673511726446, 51.93709641752637], [4.215656182929862, 51.937076666720415], [4.215597798955249, 51.93701012334414], [4.215471907824165, 51.93686665312238], [4.215432830280555, 51.93682210948543], [4.215416899547615, 51.9368039636362], [4.215344111026682, 51.936717662470464], [4.215303674263888, 51.93659536803824], [4.215179212651108, 51.936483022825975], [4.215142797388888, 51.936496413004534], [4.214795136288925, 51.93609946945724], [4.214640350572418, 51.9359227474264], [4.212717672623176, 51.93372731755739], [4.213085271103491, 51.933596153981725], [4.2141026227512075, 51.933204293787604], [4.215300656787638, 51.93270512631422], [4.215961916638745, 51.93240892983149], [4.216469657330366, 51.9321779444613], [4.216863837690813, 51.93198334663714], [4.217555802732204, 51.931649702055665], [4.218751513424067, 51.931082474767685], [4.219868968463934, 51.93050222447031], [4.219932458373849, 51.930468002720865], [4.22095222990636, 51.929918326421706], [4.221957840657495, 51.92934083102936], [4.222905221076207, 51.92876395942635], [4.223055803420656, 51.92867226621384], [4.223702273861098, 51.92824662782418], [4.224040836433167, 51.928019221501025], [4.224574425992303, 51.92764656622103], [4.22500700668865, 51.92734445348314], [4.225906724272465, 51.92665253525183], [4.226758130085325, 51.925914999402835], [4.227570400332447, 51.925164981174625], [4.228297784257771, 51.924403001044936], [4.229062654763241, 51.923639282890235], [4.229389728605163, 51.92330538330136], [4.229804734961332, 51.92288170900295], [4.230626450333386, 51.922121597393144], [4.232166640001707, 51.92070933459526], [4.232236809462624, 51.92064498872578], [4.2330695450690685, 51.919898587224026], [4.2339300026323405, 51.91917771119491], [4.234792391300303, 51.918461504295344], [4.235740226583653, 51.917780466587615], [4.235909067151722, 51.9176710257183], [4.236310790857642, 51.91740570406233], [4.23646479829704, 51.91730319957823], [4.236687733668289, 51.917154817496275], [4.236758082989316, 51.91710965331658], [4.236943063573819, 51.917000395980104], [4.237586098945065, 51.91661258360815], [4.237817643856175, 51.91647625612638], [4.2383425828647, 51.91619268962271], [4.238864220552023, 51.915908926759016], [4.239327215976502, 51.91569108946046], [4.239843637802899, 51.91545114685273], [4.240056029196298, 51.915351132619975], [4.241119577822941, 51.91487129660462], [4.242407123699843, 51.91434121909831], [4.243649634614345, 51.913908354907356], [4.244040617135197, 51.913788965605946], [4.244198114354016, 51.913742747500145], [4.244227759189033, 51.91373404780365], [4.244534035166245, 51.91364066494745], [4.245007919456848, 51.91349618143456], [4.246306228970336, 51.91312782471035], [4.247661523110477, 51.91275084678194], [4.248938111563122, 51.912363787281166], [4.250262068098829, 51.91195114939298], [4.250855127745718, 51.91176356106927], [4.251573000305399, 51.911530694317264], [4.252843657422059, 51.911099535033685], [4.2536335913809555, 51.910814550666196], [4.253977122636223, 51.91068830683577], [4.254970488430182, 51.91033820006771], [4.255309039326483, 51.9102160842801], [4.255428696889103, 51.910170591538545], [4.255742450380711, 51.91005130266057], [4.256798355692829, 51.909643444587005], [4.2578115109760235, 51.90924606083446], [4.259017737700553, 51.90876139724577], [4.26030109579845, 51.90825531312025], [4.262924026734553, 51.90720481055794], [4.2637542616967785, 51.90686621195868], [4.2651800714404, 51.90629055158433], [4.266183241230967, 51.90590410377625], [4.2661832979183085, 51.90590408394226], [4.267571096943378, 51.90533509101236], [4.2684228696845326, 51.904998885597145], [4.269532414880562, 51.90455813185652], [4.270398056989676, 51.90421055647463], [4.271202753570773, 51.90388286358341], [4.271616107575928, 51.903714535281914], [4.272614126069096, 51.903322015938315], [4.273608056734437, 51.90295066341905], [4.274350085390338, 51.90266895383745], [4.27496539274534, 51.90244000027188], [4.275966517714228, 51.90209227426201], [4.277106476415122, 51.90169733889613], [4.2781337967341155, 51.90135137042453], [4.279291593973556, 51.90096984132345], [4.280592733183964, 51.900555314374834], [4.281886198882266, 51.90015229690012], [4.282940327484705, 51.89984960574234], [4.283862528350138, 51.899592704866315], [4.284780997341212, 51.89934178438719], [4.285586442546359, 51.8991304265568], [4.286533565571308, 51.89889592344101], [4.287254961731327, 51.89872393801871], [4.287938349980431, 51.898561102705926], [4.288689103814163, 51.8984068218843], [4.288852727463472, 51.89837294504217], [4.289384648830137, 51.898262806892504], [4.289826990089196, 51.89817407684439], [4.290491509774907, 51.898043608357256], [4.2914650324439245, 51.89784886366946], [4.292091554964177, 51.89772759585377], [4.2925893177473755, 51.897643606104616], [4.293435180265491, 51.897502496539026], [4.2944320227737265, 51.89734559023735], [4.294614895484016, 51.89731746667857], [4.295561690372946, 51.89717187863624], [4.296372463455617, 51.897053181779924], [4.296994032342301, 51.896962179566344], [4.298405390022592, 51.89676765758097], [4.2998433752536975, 51.896584250845926], [4.30104217383004, 51.896440835018495], [4.302003615764452, 51.896330926653995], [4.303017291456235, 51.896222607350005], [4.304167714088137, 51.89609192678768], [4.305461510811321, 51.89593989484157], [4.306467789663894, 51.895832106961265], [4.307491259233414, 51.895746383486774], [4.308196128985534, 51.895691459336334], [4.313290718298811, 51.895211323080126], [4.317923783766035, 51.894743457192085], [4.319423863199027, 51.89459192780375], [4.319447798572086, 51.89458958272394], [4.319596548523141, 51.89457500783678], [4.320851012941742, 51.89445208457486], [4.322249954713735, 51.89427601244414], [4.323719812843344, 51.89417247694193], [4.325159763767404, 51.894104608118376], [4.326613599977682, 51.89406381368612], [4.327994382061035, 51.89404032013573], [4.329508612830385, 51.894062956692586], [4.330956767004423, 51.89410295717114], [4.332407857087829, 51.89417892161626], [4.33384379475464, 51.89428169879114], [4.3352786876562925, 51.89442939332959], [4.336683908432018, 51.89460377144423], [4.336753993422549, 51.89461381868359], [4.338088511060242, 51.89480509373921], [4.338884502294057, 51.89493804593044], [4.33973888790233, 51.89508419679759], [4.3410707926825784, 51.89534237077053], [4.341113614455451, 51.89535067134122], [4.342594333122863, 51.89566966844549], [4.343313492009941, 51.89583710645789], [4.343477975302392, 51.895875395514395], [4.344122991651255, 51.89603869998548], [4.344997959553304, 51.89626635221879], [4.346379089193269, 51.896657002610645], [4.347590831232732, 51.89702358451043], [4.348675623463886, 51.89735278840253], [4.3488479445102515, 51.89740508089309], [4.349797321343482, 51.89767072243809], [4.349997687783273, 51.89772678365518], [4.350189926554572, 51.89777743429607], [4.350382602176224, 51.8978274322906], [4.350575729168088, 51.89787677776504], [4.350769278676471, 51.89792546147368], [4.350963265221082, 51.89797348354251], [4.351157674060684, 51.898020852828395], [4.3513525053954085, 51.89806756034206], [4.351547744690726, 51.89811360595347], [4.35174339214651, 51.898158980673244], [4.35193944754793, 51.89820369348662], [4.352135881833515, 51.89824774413535], [4.3523327097298505, 51.89829112375853], [4.352529916701996, 51.898333832226214], [4.352727517269374, 51.898375869664335], [4.3529254678427405, 51.89841723568722], [4.353123797468535, 51.89845793054873], [4.353322477291289, 51.89849794500421], [4.353521507096196, 51.89853728803894], [4.353720887082045, 51.898575950664124], [4.353920602506628, 51.898613941737025], [4.35412066809571, 51.89865125239682], [4.354321040259454, 51.89868788225821], [4.3545217482501695, 51.89872382258823], [4.354722777119809, 51.898759091231476], [4.354924098217873, 51.89879366995686], [4.355125740384181, 51.89882756800499], [4.355327674761863, 51.89886077613208], [4.355529901136056, 51.898893303323625], [4.355732419704637, 51.8989251405909], [4.355935201403931, 51.89895628767749], [4.356138275279952, 51.89898674483706], [4.356341612063006, 51.89901652079971], [4.3565451976325384, 51.89904559746148], [4.356749046572504, 51.89907397492015], [4.3569531438637075, 51.89910167105103], [4.357157489909204, 51.899128667878706], [4.35736165175987, 51.899154835762666], [4.357566062139031, 51.89918031332939], [4.357770677455845, 51.89920510019559], [4.35797551222802, 51.89922919648758], [4.358180552125125, 51.89925259308967], [4.358385811459549, 51.899275299115146], [4.358591246845293, 51.8992973051942], [4.358796887122697, 51.89931862056718], [4.3590027179601565, 51.899339236118905], [4.35920872461567, 51.89935916070804], [4.359414892963461, 51.89937837623277], [4.359621237110114, 51.899396900793], [4.359827742801128, 51.89941472514521], [4.360034409806984, 51.899431858299614], [4.360241223939327, 51.89944828225897], [4.36044817045588, 51.8994640058823], [4.360655249346982, 51.89947902916905], [4.360862474925704, 51.89949336123212], [4.361069818537393, 51.89950698384322], [4.361277265644915, 51.89951989687451], [4.3614848448835435, 51.89953211855326], [4.361692513071092, 51.899543630524214], [4.361900284520579, 51.89955444190053], [4.362108144694745, 51.89956455255513], [4.362316108111254, 51.89957396261406], [4.36252413138283, 51.89958266270962], [4.362732243349793, 51.89959066208166], [4.362940415152079, 51.899597951489525], [4.363148646575233, 51.89960453991991], [4.363356937813872, 51.89961041838519], [4.363565274126263, 51.89961559574552], [4.3637736555026585, 51.899620072000644], [4.363982082137743, 51.899623838163315], [4.364190524966269, 51.8996268939801], [4.364398998301778, 51.89962924856453], [4.364607487606761, 51.899630901789685], [4.364815993075824, 51.89963184466864], [4.365024499966877, 51.899632086061786], [4.3652330084749265, 51.89963161698204], [4.3654415038580066, 51.89963044629003], [4.365649986310395, 51.899628564998636], [4.3665383500134105, 51.89961066856577], [4.367197123446916, 51.899586727216736], [4.367495132341322, 51.89957439291019], [4.367929141153718, 51.89955586708988], [4.368885098270207, 51.89949817957249], [4.369567635325499, 51.89943209359301], [4.370337913479847, 51.8993765430037], [4.3706224465680075, 51.89935602115519], [4.370680444670718, 51.89935183985492], [4.371029315828494, 51.89931469609335], [4.371076332959439, 51.899309691517], [4.372137193024625, 51.89918882039836], [4.372222603063949, 51.89917908759192], [4.372315618304377, 51.89916849337927], [4.37238939120796, 51.899158083433655], [4.373122439052063, 51.899054651142535], [4.37379507762467, 51.8989565447653], [4.37509227144345, 51.89874651283346], [4.377838269063727, 51.898302629992706], [4.379004332367134, 51.89811345079291], [4.380173198920352, 51.89792581980256], [4.382036094856198, 51.89762675098354], [4.38482275891331, 51.89717931995007], [4.387617240812499, 51.89684627222393], [4.388343890294257, 51.89677964282476], [4.388511080380512, 51.89676856965857], [4.389143454819438, 51.8967335835662], [4.389757195885906, 51.89670670559902], [4.390386551199429, 51.89668984461445], [4.391012570781845, 51.89667924415268], [4.391573796783816, 51.896681394752356], [4.3919782991420036, 51.89668787814579], [4.393419770340268, 51.89673643065699], [4.394991584405967, 51.89684968921998], [4.395757684333396, 51.8969260357308], [4.396384868531207, 51.896994518110304], [4.397010540179355, 51.89707898449453], [4.397599535132033, 51.8971663745946], [4.398125520989409, 51.897251613320734], [4.398631772928495, 51.89734234660135], [4.39903390359726, 51.89741737044243], [4.402137446491553, 51.89815610955448], [4.407957513329473, 51.899463470645976], [4.408016971363026, 51.89947682013082], [4.409712605391785, 51.89985840093093], [4.409757230990732, 51.89986844350686], [4.4108397472877865, 51.9001120331084], [4.413678882288409, 51.900748985441744], [4.413710149945923, 51.90075514114323], [4.412338143400168, 51.90242162274018], [4.415676777367408, 51.90502528061463], [4.415395314108365, 51.90528027509205], [4.415345224211681, 51.90534535310502], [4.414059679576799, 51.90649027583197], [4.4136189907592795, 51.90688288693385], [4.413617302916058, 51.906884994302324], [4.413297536106906, 51.9072848981633], [4.413314858719507, 51.90731309572484], [4.413331188232701, 51.9073415187613], [4.413346510503792, 51.907370149178476], [4.413360825531118, 51.907398986976766], [4.413374119366619, 51.907428005074685], [4.413386392203561, 51.90745719448516], [4.413397629703847, 51.90748654610118], [4.413407846785929, 51.90751604206897], [4.413417014776393, 51.90754566417358], [4.413435669706896, 51.90762104588824], [4.413445380448728, 51.90767928378292], [4.412744084141479, 51.90854435739471], [4.412742964141541, 51.908545741368094], [4.411346059691003, 51.91027321756463], [4.410160841942942, 51.90990340423877], [4.410118184105599, 51.90989009671455], [4.4100738084271915, 51.909876253540965], [4.409999103267116, 51.90985294463439], [4.409542800956078, 51.91041362668201], [4.409075107750383, 51.91205019529402], [4.409159038414976, 51.91208117702359], [4.411828556903509, 51.91306660071422], [4.412009604982885, 51.913133433617716], [4.412025658649077, 51.91313845672569], [4.412045148648958, 51.91314520722319], [4.412062964337875, 51.91315208764387], [4.412081663867363, 51.913159766406885], [4.412100973376591, 51.913168807531434], [4.412118051570647, 51.9131775245203], [4.412136942795703, 51.91318775767325], [4.41215344538587, 51.913197548532104], [4.412166496826505, 51.913206295023535], [4.412178166051406, 51.91321443678693], [4.412188982366561, 51.913222364730835], [4.412199387885586, 51.91323046904074], [4.412209636779046, 51.91323909339818], [4.412219123569993, 51.91324800806089], [4.412229251340031, 51.91325685613082], [4.412243482098139, 51.91326819217235], [4.412252701722947, 51.91327401248192], [4.412256525176497, 51.913275985775556], [4.412264833352666, 51.91328027043292], [4.412276657842525, 51.91328527639664], [4.412287652226811, 51.91328901704599], [4.412301033206701, 51.913292624684686], [4.412314128701027, 51.91329532208863], [4.41232854905365, 51.91329724845968], [4.412342059034765, 51.91329825941196], [4.41235555203734, 51.913298712918646], [4.412368340262004, 51.9132981538359], [4.412380674176502, 51.91329709660136], [4.412391390620613, 51.913295558532475], [4.412433324195528, 51.913381982753265], [4.412449741510866, 51.91341581779792], [4.4125008996791815, 51.91364457463538], [4.412504765106794, 51.91365667860208], [4.4125079449091595, 51.91366487575973], [4.412511506061131, 51.91367291428272], [4.412515465933604, 51.913681333640405], [4.412523181900001, 51.91369617516067], [4.4125282475980185, 51.91370454076855], [4.412538595594243, 51.91371999737618], [4.412543406900592, 51.91372668896397], [4.412553341212494, 51.91373910393798], [4.41266172709524, 51.91387256007886], [4.41266790896243, 51.913879056285914], [4.412673040654797, 51.91388371007641], [4.412678743787988, 51.91388815287548], [4.412685646485417, 51.91389291123966], [4.4126931373001295, 51.91389735987392], [4.4127006244959714, 51.91390130510722], [4.412707808738177, 51.91390447479442], [4.4127151569300045, 51.91390745707665], [4.412723263730195, 51.91391031081778], [4.412731438793156, 51.913912697708895], [4.4127389989016725, 51.91391462107328], [4.412745567966559, 51.91391599689357], [4.41275132964758, 51.91391706938951], [4.412758326777421, 51.91391814314083], [4.4127639947208985, 51.913918846319575], [4.412770070351205, 51.91391951692358], [4.41277681934298, 51.91391996839179], [4.412783005663176, 51.91392022643003], [4.412789804682443, 51.9139203816832], [4.41280552043979, 51.91392022435511], [4.4134998674767045, 51.91391307179384], [4.413506078342809, 51.91395312323584], [4.413562193499541, 51.91431498124544], [4.413562384815063, 51.91431621429049], [4.413600954445174, 51.91458558537331], [4.4137649842422375, 51.914575528509026], [4.415080625711617, 51.914494859805465], [4.41515134589969, 51.914490527954825], [4.415251640803771, 51.91448438224872], [4.415696844869045, 51.91593857924371], [4.415842066083791, 51.91592332128167], [4.416345676799094, 51.91757025141682], [4.416644633066064, 51.91854785480354], [4.416950800786524, 51.9195490241712], [4.41707565365785, 51.91995726323507], [4.417072541837075, 51.9200832238611], [4.417068476900603, 51.920247945092875], [4.417066199216791, 51.92033998007159], [4.417064250730531, 51.920418786328185], [4.417064121139268, 51.92042411558656], [4.4170632400163425, 51.92045954196177], [4.417054234668989, 51.92082440902723], [4.417052101792705, 51.92091081104686], [4.417051439673295, 51.92093743924277], [4.4170514231807205, 51.920938203150314], [4.417016707097082, 51.922342785912676], [4.417015451630109, 51.92239352601285], [4.417014935929575, 51.92241471722061], [4.417012279272442, 51.92252227260943], [4.416842605795961, 51.92262406260874], [4.416831204011702, 51.9230752844332], [4.416830692505368, 51.92309560376467], [4.41683058286742, 51.92310000734505], [4.4167449232620735, 51.92308461243651], [4.4166424921812455, 51.92307031940942], [4.416626755471604, 51.923068607430366], [4.416582982660533, 51.92306385043012], [4.416561516910419, 51.923061515847294], [4.416548028335185, 51.923060047143736], [4.416435209336812, 51.923048140045275], [4.416324959769758, 51.92303842934111], [4.416185879549338, 51.92302679044779], [4.416147903262041, 51.9230235733089], [4.416047252134292, 51.92301505625522], [4.415871665259725, 51.92300351082036], [4.415715082153463, 51.92299251771834], [4.415572845303266, 51.922985013795056], [4.415452016051957, 51.92297916985201], [4.415321333344138, 51.922974520703654], [4.415234768463278, 51.92297076662167], [4.415158542631993, 51.923072401166145], [4.413563188521361, 51.92519937016805], [4.412134134468001, 51.92710441637773], [4.410496059869942, 51.92929190542717], [4.41034905241009, 51.92924881416982], [4.410299635619944, 51.92923456079009], [4.409952835001255, 51.92913531852614], [4.4098744153034755, 51.92911285979296], [4.409855684908646, 51.92915644324172], [4.409769153969961, 51.929357790494485], [4.409707804207567, 51.929448264288176], [4.409667969202169, 51.929504184507664], [4.409588945540603, 51.9295976662915], [4.409428474550083, 51.92978437583136], [4.409407886260657, 51.92980639774855], [4.409324908241067, 51.929895127371985], [4.409253020553328, 51.92997399868227], [4.409120998957919, 51.93011743902517], [4.40908286110951, 51.93015277997322], [4.408990426489171, 51.930233017207044], [4.408822138377149, 51.93037584976013], [4.408734394711905, 51.930457635950205], [4.408670520025074, 51.93051833546581], [4.408591023911344, 51.930611300292945], [4.408566342903089, 51.930644281213496], [4.4085055538951305, 51.93072350515371], [4.408393941896059, 51.93088165840748], [4.4083423646744855, 51.93096784434872], [4.408293337940763, 51.93105775486865], [4.40826647034123, 51.931108317462545], [4.408236012790882, 51.93118416243296], [4.408206395114975, 51.93127017166324], [4.408190065806254, 51.9313355725319], [4.408172365106219, 51.93141452597856], [4.408165043351633, 51.93147360189047], [4.408154261471335, 51.93166476542952], [4.408147146177007, 51.93180844504483], [4.408156430187857, 51.931924225389835], [4.408165034111959, 51.9320431910685], [4.408177749443359, 51.93218768304482], [4.408191704956972, 51.932303960716474], [4.408217569525044, 51.9324756272875], [4.408244187342662, 51.93262207773056], [4.408301306410962, 51.93287024703016], [4.40835299765127, 51.93306323419142], [4.408393581343469, 51.93321477165935], [4.408444290059382, 51.9333894854782], [4.4084941190405065, 51.933554538044014], [4.4085352493224494, 51.9336736846037], [4.40865563944397, 51.93402941830456], [4.4087324078943135, 51.93426424983321], [4.408761284769521, 51.93439456616371], [4.4087902210655905, 51.93456956596723], [4.408808394943002, 51.934749252787476], [4.408812272924598, 51.934787591447396], [4.408845933744148, 51.935116922130774], [4.408796576358762, 51.93513305056599], [4.4088013031967845, 51.93517641559746], [4.408849073305224, 51.93518643115748], [4.40886518149609, 51.935253396449035], [4.408886939668307, 51.935360741199965], [4.4089579355214825, 51.93556832457728], [4.409008930802676, 51.93568201596603], [4.409049262408429, 51.9357458300125], [4.40912564551701, 51.93584096414078], [4.409144646655258, 51.935863252500695], [4.40924001147499, 51.93595620742205], [4.409328903846178, 51.93603654217308], [4.409473394800669, 51.936145447091725], [4.4094651852806255, 51.9361518147356], [4.409553141832347, 51.936212375310696], [4.4095628252620696, 51.93620710755565], [4.409670885518416, 51.93627072961617], [4.40981039285705, 51.936339404056376], [4.409893095084849, 51.9363734758405], [4.410017669657599, 51.9364166776581], [4.410186971631173, 51.936468799398654], [4.410358398018809, 51.936509513873894], [4.41050515203807, 51.93654194222817], [4.4106871958515095, 51.93657057371085], [4.410913863890111, 51.93659214187189], [4.41108853147296, 51.93660354299208], [4.411268548123335, 51.9366130556867], [4.411401764696917, 51.93661868298871], [4.411525930770957, 51.936620531660274], [4.411536876260594, 51.93662075734305], [4.411860125943155, 51.93662735007631], [4.411911009160414, 51.93662804193508], [4.4120988845059586, 51.93663059836409], [4.412111372773932, 51.936630764881556], [4.4124471597075505, 51.936633262265154], [4.412580637850919, 51.93663555558093], [4.412645353286857, 51.93663747641222], [4.41273765956829, 51.93664256525674], [4.412807429737946, 51.93664677508496], [4.412953691025446, 51.93666313343661], [4.413021119499759, 51.93667473942961], [4.413087098667672, 51.93668477832317], [4.413156246932447, 51.93670023667715], [4.413230372124555, 51.93672090474691], [4.413302650492924, 51.93674291476591], [4.413357200886922, 51.93676093968152], [4.413419655548906, 51.93678263453266], [4.413485323090977, 51.93680706157204], [4.41355453286858, 51.936836470703675], [4.41377934284462, 51.93693652547334], [4.413995444624132, 51.937034485245064], [4.4144782184435405, 51.937249069183544], [4.414678558274877, 51.93733631751544], [4.414762109500581, 51.93737446416752], [4.41477905769109, 51.937382200447395], [4.414827977110539, 51.937407144350686], [4.414829048156703, 51.937408052083036], [4.414856142324053, 51.93742210086843], [4.4150858676623885, 51.93754124086904], [4.415270508059813, 51.937628295419216], [4.415285710122478, 51.93763545928694], [4.415585696166115, 51.937773974634005], [4.4158193442377875, 51.93787194120225], [4.415880062241267, 51.93789740463029], [4.416175808112919, 51.938021663250986], [4.416178159127022, 51.938022563566804], [4.416238202781946, 51.938045603270325], [4.416237058651179, 51.93804807470711], [4.416274318360739, 51.938063501505006], [4.416308089859293, 51.93807748825042], [4.416311419486841, 51.93807482812352], [4.416355431014775, 51.93809343873771], [4.416459465051722, 51.93813742581724], [4.416463367816354, 51.93813314346055], [4.41654789447805, 51.938155180699276], [4.4165874544101, 51.93816646461243], [4.416750522438087, 51.938212952345445], [4.417004480764776, 51.938251497966306], [4.417011481978698, 51.938252562488394], [4.417349589266354, 51.93830374787086], [4.4174539536716795, 51.93835338170441], [4.41753658066343, 51.938392723820776], [4.417634669906838, 51.93843933944877], [4.417712725940093, 51.938476881947444], [4.417525113735454, 51.93865983693658], [4.417404985989543, 51.938777164455296], [4.417404644380044, 51.93877749421966], [4.41740352998107, 51.938778590638286], [4.417357832014025, 51.93882322013822], [4.4173361006134755, 51.93884361602185], [4.4172104313531495, 51.93896159874235], [4.416643531910624, 51.93946684957891], [4.416581864200131, 51.93951416039367], [4.416525161364878, 51.93951342251839], [4.416444333274209, 51.93961083996867], [4.416437195578781, 51.93961944615036], [4.416419411045111, 51.93964089018627], [4.416380407819348, 51.93968790267684], [4.415525630043754, 51.9407182374226], [4.415491970831925, 51.9407588129268], [4.415461734780042, 51.940737960838256], [4.415458897449588, 51.94073600480866], [4.414557098874247, 51.94011423042918], [4.414187491026855, 51.93961337615973], [4.413813987253326, 51.93938664446867], [4.413207097160391, 51.93905802337787], [4.411807662224251, 51.938598223666695], [4.411696589973076, 51.93856173356623], [4.410945746039354, 51.93831501567571], [4.410894109411612, 51.93829804755377], [4.410802691196165, 51.93826801194669], [4.409316967507533, 51.937981774952725], [4.408517384214435, 51.93863687077819], [4.406518426656088, 51.93795301321268], [4.406074523762435, 51.9378011386639], [4.405822053811537, 51.93786141292057], [4.403919945845008, 51.93725288981292], [4.402160440532611, 51.93837370547213], [4.402122885503592, 51.938401795166975], [4.402089729519634, 51.938434865521415], [4.402150706012823, 51.93889721780062], [4.402128163408572, 51.93891847601762], [4.402114619914562, 51.93893125236848], [4.402034278811441, 51.93898386429228], [4.401923453574039, 51.93905643632029], [4.401777023629774, 51.939152332172064], [4.401755139861703, 51.93915348803837], [4.401553672422528, 51.939164122468156], [4.401273500641643, 51.939180559359485], [4.400782518199962, 51.93924035020854], [4.4004699506217735, 51.93944051278812], [4.400380590177412, 51.93948317824913], [4.400096235511605, 51.93966933852754], [4.39978829905987, 51.93987092246865], [4.399653943267053, 51.939962377791446], [4.399511979727899, 51.9400757015285], [4.399375444406478, 51.94016039664135], [4.399255609942956, 51.940252782505475], [4.398740073843694, 51.94060817771391], [4.398471759567133, 51.94081886433068], [4.39786491909597, 51.9412515099754], [4.397777363458317, 51.941301757157746], [4.395005425893059, 51.94289255462701], [4.394976832766271, 51.942908960427616], [4.394215753332491, 51.943999699447104], [4.394062409493219, 51.944093684671365], [4.39387580796155, 51.944119613580185], [4.393447708400384, 51.94425972531463], [4.393478068136949, 51.944465284776236], [4.393522314742563, 51.94452309684477], [4.393668687304621, 51.94461287311467], [4.394378548105152, 51.94551792404445], [4.394920439248687, 51.94645772339398], [4.3950741165965335, 51.94672424206641], [4.395131539451229, 51.946823827469395], [4.395150844171624, 51.94685729364085], [4.395187612752075, 51.946927230654275], [4.395164665284962, 51.946932241488454], [4.395142156088554, 51.94693716612921], [4.394850386931494, 51.947000860665625], [4.394781206822385, 51.94701602493867], [4.394351734709161, 51.94710985446716], [4.394056456711241, 51.947011783090524], [4.393966070519486, 51.94697950496021], [4.393963963535957, 51.94697875008227], [4.392406765468734, 51.946422699406725], [4.3906334582157305, 51.94578942539527], [4.390159870908038, 51.945630425784685], [4.389938454577906, 51.945556089402125], [4.38992495527481, 51.945551561410184], [4.389850331783547, 51.94552825871585], [4.389848815194367, 51.94552777843439], [4.389820993861711, 51.94551909297494], [4.389767214641558, 51.94550230413803], [4.389752162913797, 51.945497601156646], [4.389671689402093, 51.945472468939556], [4.389599155908286, 51.94552010500251], [4.389500871170978, 51.94558896062563], [4.389333102292113, 51.94562577476451], [4.389305372911633, 51.94561949894684], [4.388933140459883, 51.94553523316378], [4.3889100858587975, 51.94553001267751], [4.388535799463422, 51.94623093093581], [4.388535586272792, 51.94623136058443], [4.388426160516003, 51.9464491630347], [4.388425582306599, 51.94645030868146], [4.3884247149926034, 51.946452027151444], [4.3884229801643375, 51.94645547307846], [4.388422767171246, 51.94645589373983], [4.388422553778488, 51.94645633237529], [4.3883106614350895, 51.94667903959337], [4.388301849321094, 51.946696582653566], [4.388257698190865, 51.946784440995366], [4.388202329558391, 51.946894648888104], [4.388172818916766, 51.94695338223966], [4.388135424459662, 51.94702780585086], [4.388116019645443, 51.94706641837692], [4.38797074697419, 51.94735556502168], [4.387948565774799, 51.947396041557454], [4.387946958615919, 51.94739897620426], [4.387830579125903, 51.94761132574871], [4.387829563534731, 51.94761316879621], [4.387657448039864, 51.94792722837669], [4.387590781673586, 51.94804886349224], [4.387566401382632, 51.94809334821428], [4.387556106755619, 51.94811211905937], [4.387547706858016, 51.948127454337644], [4.38753801815595, 51.948145142695616], [4.387523114071939, 51.94817233274851], [4.387165029220466, 51.948825690162536], [4.387164665565182, 51.94882634324734], [4.38707385755408, 51.94899203327611], [4.386961487999692, 51.949197054498114], [4.386657337874087, 51.94975196681695], [4.386302216349204, 51.95039984655144], [4.386228493515638, 51.95053752882344], [4.385616794624698, 51.951679706458556], [4.38561409285513, 51.95168474410907], [4.385101852308846, 51.95264119582215], [4.384889041353678, 51.95303852727118], [4.384765214718355, 51.953269722923494], [4.384668691547494, 51.95344951089026], [4.384453647167449, 51.95385009442127], [4.384439682385308, 51.95387609662892], [4.384438711153821, 51.95387789508432], [4.384432912652334, 51.95388869505197], [4.384040109423103, 51.95462035438882], [4.3840230924294445, 51.954652065328524], [4.384001051347837, 51.954693113159315], [4.383979010226081, 51.95473416098572], [4.383970054124603, 51.95475083959721], [4.38374262581797, 51.95517444422885], [4.383627801816914, 51.955388313309705], [4.383344665442412, 51.955928178568655], [4.3829128207088806, 51.95675156362152], [4.382847272866125, 51.95686691365913], [4.382513879985696, 51.957453574532174], [4.382414714828659, 51.95763813808708], [4.38236370494414, 51.957733072800025], [4.382346777283361, 51.957764586510756], [4.3823295158995075, 51.957796708602146], [4.382327739946247, 51.957800001284085], [4.382055286576101, 51.95830711887118], [4.381922321947305, 51.95855459297077], [4.381905315724001, 51.95858438909613], [4.381894820930571, 51.95860278922472], [4.381670764835421, 51.95899555136419], [4.381670141041711, 51.958996768499674], [4.381667494762443, 51.95900188743375], [4.381363202842373, 51.95959163438671], [4.381149208235542, 51.96000636022381], [4.381032337194393, 51.960226060959585], [4.38103144124399, 51.96022773418901], [4.380699095871588, 51.96085245730212], [4.380256228273098, 51.96168488023814], [4.3799168266149495, 51.96232221628926], [4.379897245382139, 51.96235900137471], [4.3798798065227444, 51.9623917418865], [4.379874687092352, 51.96240136095592], [4.379820659898865, 51.96249864197661], [4.379659683234887, 51.96278851683962], [4.3796193935552585, 51.96286105255205], [4.379309330058022, 51.96340669222389], [4.3793122296285745, 51.96340716651377], [4.3793253944871955, 51.96340928384093], [4.379355618331675, 51.96341441478673], [4.379465453567639, 51.963433054947835], [4.379594060980759, 51.96345488506807], [4.379679311415308, 51.96346935032805], [4.379699591095381, 51.96347279598584], [4.379743673165363, 51.96348027477995], [4.3797503557318205, 51.96348141068302], [4.379993292470007, 51.96352264678404], [4.381846462377196, 51.963824203655605], [4.381967378853692, 51.96384388004001], [4.382738695261354, 51.96396938326455], [4.385714458893607, 51.96445383745853], [4.386364459298382, 51.964556791396156], [4.386578627888465, 51.964590712783185], [4.388259120610799, 51.964872343443574], [4.388776381371115, 51.964958821502506], [4.38904867661295, 51.96500434194799], [4.38906041979982, 51.96500630229333], [4.389706032194805, 51.96511423409061], [4.389752033600395, 51.96512192314161], [4.38977928942647, 51.96512647790691], [4.389922080472558, 51.96468649418485], [4.389899967707348, 51.96468362800833], [4.389916698038199, 51.96459668689411], [4.389947288185335, 51.96460179124733], [4.390488066362312, 51.964692101654606], [4.390832895013124, 51.964749684381225], [4.391167242480194, 51.96480552338605], [4.391188655642664, 51.96480910249753], [4.391269103858963, 51.96482253887436], [4.39129658366114, 51.964828146868626], [4.39130653540778, 51.964830181705494], [4.391367941136468, 51.96484271967024], [4.391394131703537, 51.964848065039114], [4.391402171392173, 51.96484970614917], [4.391467184074946, 51.964862984715786], [4.3914782078627494, 51.964865235356505], [4.391482046547882, 51.964866022914144], [4.39175183225118, 51.964921124805215], [4.3919351446559185, 51.9646674858977], [4.392332196156778, 51.96409492771609], [4.393336281255347, 51.96274674678326], [4.393563992261871, 51.96247172786832], [4.393951558291698, 51.96261807598274], [4.393959119843717, 51.9626209263628], [4.393984863247702, 51.962630653894436], [4.393987369350809, 51.96263159790614], [4.394314018039109, 51.962754943421004], [4.39474416028118, 51.962919266301014], [4.395399850348759, 51.963190712327375], [4.39713798817085, 51.96391141570411], [4.397387846228823, 51.96401175698158], [4.3982376350374, 51.96436527867216], [4.398473517676282, 51.964460834913886], [4.398973032080602, 51.96465871395622], [4.399281055193854, 51.96478045670139], [4.399625185513911, 51.9649258635766], [4.399809669219877, 51.96500460798603], [4.400258651977552, 51.965190147224696], [4.400434150037087, 51.96525806472072], [4.40076471676393, 51.96538862194636], [4.401123196213732, 51.96554233355478], [4.4013152708863785, 51.96562617292672], [4.401534599997871, 51.96572533250372], [4.4021083494956486, 51.96597519992069], [4.402325805437495, 51.96606769963294], [4.402415726418698, 51.96610594468153], [4.402817992327947, 51.96626549184306], [4.40293329136796, 51.96631640729979], [4.4032006560366534, 51.96643449152378], [4.403203653728798, 51.96643581997269], [4.4032312247608, 51.96644799669021], [4.403660551659353, 51.96663397847494], [4.4036756299156865, 51.96664051354515], [4.403938030934031, 51.966754186028204], [4.404054711609819, 51.96680259507478], [4.404148723596532, 51.96683823029203], [4.404256263221292, 51.96688211330153], [4.404350771293078, 51.966923019894345], [4.4043910301001015, 51.96694527087198], [4.404433596473442, 51.966964484953195], [4.404473646126773, 51.9669770173421], [4.404511862367719, 51.96698954338529], [4.404541457831738, 51.96700300411744], [4.404575799623514, 51.96701503035051], [4.404598357567663, 51.96702224802093], [4.404629085249781, 51.967031187873644], [4.404665121356885, 51.96704027094648], [4.404701990350656, 51.96704853400401], [4.404746643553499, 51.96705685309332], [4.404806989007036, 51.96706826953616], [4.40484975629391, 51.96707898180952], [4.404915211245064, 51.96709098919053], [4.405070726912107, 51.96711244081486], [4.405158976803062, 51.967120845189285], [4.4052327202305674, 51.96712849016696], [4.405262895226326, 51.967134099409826], [4.405306210656863, 51.96714703630787], [4.405337753341198, 51.96715598277867], [4.405386617898838, 51.96716804013947], [4.405436848191777, 51.96718352459641], [4.405489482949987, 51.96720151898069], [4.405540807917256, 51.967222846212685], [4.405623599092633, 51.967256624779026], [4.405719767050798, 51.96729624973519], [4.405806413188429, 51.967332100784354], [4.406022348943945, 51.967427547145455], [4.406287075031009, 51.967539849443234], [4.406410486558289, 51.96758811450921], [4.406521198797696, 51.967636165678144], [4.406634941143324, 51.96767741956699], [4.4067466784327785, 51.96772586558223], [4.406854057711426, 51.9677686392317], [4.406966610251296, 51.96781709183057], [4.407125597049735, 51.967877670581096], [4.407251852583082, 51.967927064064675], [4.4073941222282675, 51.96798417731627], [4.407546312764598, 51.968046820202524], [4.407674080195212, 51.96810232916106], [4.407910755307082, 51.96819869979026], [4.408575741222659, 51.96846801835223], [4.4095130796075255, 51.96888341709209], [4.410419842198672, 51.96923207374128], [4.411342741094944, 51.96964375121685], [4.41216017378038, 51.969950340826664], [4.412988336411304, 51.9703001503765], [4.4144151757017145, 51.97088907236348], [4.416009127473184, 51.971548596870846], [4.418535223781124, 51.972577009489655], [4.420013400251691, 51.97307309050978], [4.420844718316833, 51.973404802672164], [4.421224534264044, 51.9735828519221], [4.422662693674344, 51.97416944676892], [4.42390591984425, 51.97472602399524], [4.425160176034037, 51.975200647109304], [4.425960916596033, 51.97556161906718], [4.426889109730929, 51.97591392738484], [4.427516610426637, 51.97620967209474], [4.4276368222202604, 51.97629059846216], [4.427898210463058, 51.976466563295354], [4.4279605038739165, 51.97650753851391], [4.427997277063389, 51.97653173040013], [4.4281317536071825, 51.97662019725219], [4.4282412080501965, 51.97652490161306], [4.428763558225063, 51.97606939621056], [4.428968223563855, 51.97587621573424], [4.429017968587027, 51.9758320999643], [4.429024360488292, 51.975825859945864], [4.429029775942094, 51.97581763445724], [4.429035407589977, 51.9758129163242], [4.429058778526619, 51.975795398973595], [4.429144458895572, 51.975730182781184], [4.429244261654147, 51.97564976480425], [4.429291834106298, 51.975616714296244], [4.429352877455951, 51.97557307692125], [4.429356057869281, 51.97557409158036], [4.429364899471084, 51.975567637787925], [4.429405589113503, 51.97553791093332], [4.429418365049153, 51.97552579033856], [4.429432919872631, 51.97551215614937], [4.429446553585798, 51.975500761633405], [4.42946475798539, 51.975486617837724], [4.429492829451491, 51.975467071277365], [4.429495777132397, 51.975465351471776], [4.429515380335432, 51.97545386173757], [4.429539363418334, 51.97544174249958], [4.429563538048687, 51.975427467527545], [4.429589409325864, 51.975408712013156], [4.42962063449526, 51.975384606861844], [4.429673139069481, 51.97534548403998], [4.429726093545785, 51.97530573564831], [4.429757253596647, 51.97527785467554], [4.429799959976277, 51.975240899209005], [4.429872105344334, 51.97517758578329], [4.429900961086759, 51.97515264329988], [4.429948507807987, 51.975113929437505], [4.430005153502919, 51.9750716941284], [4.430033843566435, 51.97505041765568], [4.4301409310388555, 51.97496814362115], [4.430519651554527, 51.97467632347621], [4.430561508222636, 51.974645032697325], [4.430589678326511, 51.974620812555706], [4.43063295973229, 51.9745841311295], [4.430707482212785, 51.97452936681261], [4.430790299230589, 51.9744678384865], [4.430868130035834, 51.97440806729891], [4.430910394061843, 51.974375395449705], [4.430953960434844, 51.97434170946252], [4.431031111087966, 51.97427968546265], [4.431093395526896, 51.97423228203234], [4.4311583317337275, 51.974183372046156], [4.431231292414117, 51.97412670707864], [4.431303469791458, 51.9740726424242], [4.43136869273556, 51.974023914450434], [4.431447500367832, 51.97396603856891], [4.431594978634013, 51.97386153002637], [4.431687142651396, 51.97379836929831], [4.431706075727297, 51.973784797396576], [4.431781586769786, 51.973730642792404], [4.431864475503206, 51.973672440240506], [4.43190440759743, 51.97364600528733], [4.431930610609503, 51.973628663221085], [4.432081263157162, 51.97352534838715], [4.432120556044815, 51.97349816210931], [4.4321719323809745, 51.973463972880616], [4.432220563098708, 51.973435693867536], [4.4322571428045885, 51.97341288996904], [4.432269793035707, 51.97340661071813], [4.43227976849824, 51.9734029164668], [4.432289728658729, 51.97339994118495], [4.432301750913807, 51.97339581411629], [4.432308942430196, 51.97339299612711], [4.43231836833292, 51.97338776933407], [4.432339483204084, 51.97337355887183], [4.432365955226824, 51.9733538189148], [4.432374126978005, 51.97334802463664], [4.432390780648643, 51.97333622286829], [4.432413894276166, 51.97331699495624], [4.432429211377786, 51.973301658767355], [4.432443350953184, 51.97328694222495], [4.432453142427938, 51.973278212801866], [4.432463965898076, 51.97326886254767], [4.432499589833112, 51.97324308454966], [4.432517307994345, 51.9732311835406], [4.432526046412389, 51.97322406352647], [4.432533929138319, 51.973222958984735], [4.432546529363985, 51.97321218495602], [4.4325622695487334, 51.97319748139203], [4.432572060980989, 51.97318875195868], [4.432582729329142, 51.97317984986888], [4.432590889487212, 51.973172545382624], [4.432662852914249, 51.97312086027729], [4.432691984289633, 51.97309992835929], [4.432816316552192, 51.973009073020016], [4.432898222242094, 51.9729490640327], [4.433005461807089, 51.97286804723932], [4.433061596423149, 51.972829042342], [4.433088042967072, 51.972810470546484], [4.433113133995318, 51.972794045032856], [4.433127755881289, 51.972784006438076], [4.433140668388993, 51.97277496070711], [4.433142086731109, 51.97277396548049], [4.433154389924136, 51.972763458638255], [4.433170415050455, 51.972749026965886], [4.433183591317103, 51.972738527203], [4.433223085688335, 51.97270864558968], [4.433232783264312, 51.97270431979616], [4.433241286152812, 51.9727014225009], [4.433249222267472, 51.97269780151286], [4.433256287204985, 51.97269408357121], [4.433263842181151, 51.97268785277214], [4.4332690574619305, 51.97268214231611], [4.433289493491918, 51.972658757720346], [4.433297142199004, 51.972650855784096], [4.433299165899027, 51.972648768845964], [4.4333036983037655, 51.972645057326275], [4.433315903225458, 51.972635062025304], [4.433330421530251, 51.972623045054696], [4.433421169379195, 51.972557804098436], [4.433545883646137, 51.97246937803894], [4.433561171374997, 51.97245813131758], [4.433578263011835, 51.9724455509186], [4.433605823388262, 51.97242590939728], [4.433691327220482, 51.972364958260435], [4.43369810597035, 51.97236032112635], [4.433764548177263, 51.97231081978407], [4.433952414167939, 51.97217081582427], [4.434144995849121, 51.97202731722942], [4.4341502281206555, 51.97202079789074], [4.434156051983452, 51.97201383391171], [4.434162679024744, 51.97200674161067], [4.434177835033358, 51.97198866234207], [4.4341889908515375, 51.97197733711351], [4.434206644629559, 51.971961570196264], [4.434228295930486, 51.971942599742384], [4.434250824102143, 51.9719234566161], [4.434307428791402, 51.97187591568885], [4.434354282647652, 51.97183521702064], [4.434388353356075, 51.971807088814174], [4.434412506825912, 51.97178679029598], [4.434419430829076, 51.97178078801736], [4.434437563873841, 51.97176506090344], [4.434455321013443, 51.971751272297375], [4.434472430259509, 51.971737837987504], [4.434561291966945, 51.97177498896601], [4.434894283612713, 51.971513517375506], [4.435336559116655, 51.97117219305479], [4.435358424655238, 51.97114788485047], [4.435448431107146, 51.971081638601895], [4.435590355242064, 51.970983543017304], [4.435870863609512, 51.97076906830393], [4.435999400014209, 51.97067219425858], [4.436175552496013, 51.970570590579165], [4.436240909080074, 51.970499955664756], [4.436347612322963, 51.97038462171001], [4.4367507262700085, 51.97007656620389], [4.436889626747487, 51.96996977953913], [4.437212812335238, 51.96973028044481], [4.437355979355587, 51.969623959156834], [4.4376786030823725, 51.96938601828903], [4.437849921589695, 51.969254530665395], [4.438188755583455, 51.96900195985079], [4.438310497614396, 51.96890796777672], [4.438690419573442, 51.96862733179823], [4.438811044790587, 51.96854270540167], [4.439255786859954, 51.96821753006584], [4.439436688301876, 51.968084571346694], [4.439893216854246, 51.96776038741187], [4.440067738898167, 51.96763233803024], [4.4405859745490375, 51.96725501278883], [4.44080503585448, 51.96709388290869], [4.441243203511211, 51.96677064252639], [4.441383808307064, 51.96666001709963], [4.441650904368119, 51.96645999140731], [4.441699059549071, 51.96642393844639], [4.441935592181366, 51.96624679426946], [4.442086206525773, 51.966144401198676], [4.442675149810485, 51.96574742845938], [4.442839434478307, 51.96564111729135], [4.443466810000697, 51.96519568560434], [4.443627266478119, 51.96508093820077], [4.444303209716997, 51.964589267439734], [4.444544149726466, 51.96439670183214], [4.444720724171476, 51.96424796109212], [4.445311420536363, 51.96379704817197], [4.44539961589524, 51.96372971916108], [4.446404681196438, 51.96298853009946], [4.4466818952916425, 51.962786138051875], [4.446714884743413, 51.96280266241963], [4.446875569558084, 51.96288317364879], [4.4472955517275885, 51.963106034785866], [4.447323466889135, 51.963085565941235], [4.447493643768808, 51.96295953827091], [4.448508191019966, 51.96394355128343], [4.449186990839186, 51.9646018874395], [4.449527731649154, 51.96493235007078], [4.449868349131888, 51.96526268485677], [4.450078623813512, 51.965466614930264], [4.450217993263226, 51.96557770192244], [4.450513323897033, 51.96581308607894], [4.450646932853311, 51.965839111743435], [4.450882890262116, 51.9658850710903], [4.45203507493134, 51.96610950866954], [4.452547954965634, 51.96622468597708], [4.452992967380492, 51.96632170412682], [4.454264177719273, 51.96665260125772], [4.454245398716022, 51.96667393521784], [4.455507939632747, 51.96698173903793], [4.456671963798872, 51.96726924434698], [4.4568243142336055, 51.96731116839044], [4.457195619943816, 51.96741334017707], [4.457341536610809, 51.96746101036172], [4.457770037973076, 51.96760098046714], [4.458345092741105, 51.967814330556756], [4.458780850710013, 51.96798720785179], [4.4588486106562835, 51.96803202993407], [4.4592295568925335, 51.96823852194159], [4.460096993099272, 51.96878191465303], [4.460098185545505, 51.96878266112316], [4.460098668927722, 51.96878321324226], [4.4603744573100785, 51.96910160815833], [4.460402471419833, 51.96914740145538], [4.460568067286526, 51.969549780555084], [4.460576751927437, 51.96959434287865], [4.460565790025668, 51.97017447495515], [4.4604903066217005, 51.97044206608656], [4.46049024414912, 51.9704422723335], [4.460447281555036, 51.97059454339243], [4.460161119666892, 51.97160893328109], [4.460521022241709, 51.97178824385656], [4.460741050484746, 51.971897868127584], [4.460882541100775, 51.97196835705048], [4.461007782637545, 51.97203075389183], [4.461458174071778, 51.972255133149844], [4.46146219311612, 51.972257142288505], [4.46155286255009, 51.972302313812826], [4.461568939319919, 51.9723103233921], [4.461885044876747, 51.97246781115121], [4.461960372956532, 51.97250533815441], [4.462203403480598, 51.97265448397992], [4.462220309459442, 51.97268158292063], [4.462209548990474, 51.972709363150784], [4.461746456414338, 51.973710652740884], [4.461693379582845, 51.97376768164466], [4.461596126518303, 51.973872164590006], [4.461358442765631, 51.97479029322896], [4.461346249438218, 51.97483737878337], [4.461676103030804, 51.9751221183469], [4.461752268009772, 51.97518786033089], [4.462361374386106, 51.975720582736805], [4.462400691268361, 51.9757549769039], [4.462795809402294, 51.976100542121344], [4.463152706541756, 51.97640679489607], [4.463160174866634, 51.97640318619077], [4.4636769601620205, 51.976829190896886], [4.463864976996001, 51.976999986473196], [4.464022886794385, 51.97714783108763], [4.464021137233333, 51.97714868026794], [4.463675597536587, 51.97731604231838], [4.463240739656937, 51.97752667433736], [4.463966997696521, 51.97816818121255], [4.464124351666178, 51.978307176441106], [4.465802425073586, 51.97892987250248], [4.46598918527093, 51.978838059950135], [4.46618006176374, 51.97874422991917], [4.466344837692528, 51.97866321982135], [4.466470323294064, 51.978601533189], [4.466680033833796, 51.978498438646234], [4.466989441876944, 51.978644084957686], [4.467127942253084, 51.97870928451632], [4.467129398331043, 51.97870997005549], [4.467239640863749, 51.97876691258064], [4.467384783109899, 51.978841871533476], [4.467457836890974, 51.978879601903834], [4.467496216360949, 51.978899695026115], [4.46760725087128, 51.97895781192019], [4.467751581555236, 51.97903336630912], [4.467779145735154, 51.979047801827825], [4.46786134595673, 51.97909240785239], [4.467970696882501, 51.979151751674785], [4.468092572593469, 51.979217889812396], [4.468186400584057, 51.97926691000808], [4.468208505018891, 51.9792814196202], [4.468366267532664, 51.97938495201677], [4.468466018516369, 51.97945041356797], [4.468536267860332, 51.979496525750406], [4.468563516374793, 51.979517160792035], [4.468655653815792, 51.97958694918452], [4.468747791358456, 51.979656746492594], [4.468854177103652, 51.97973733349378], [4.4688890823518745, 51.97976579443724], [4.4690977695533185, 51.97993598777973], [4.469183415419398, 51.980005832944265], [4.4692271328578625, 51.979984250788405], [4.469450966185223, 51.98018762197451], [4.469258234556304, 51.98028536186938], [4.469235729819876, 51.98029677262542], [4.46921409277234, 51.98030774970447], [4.4690675468118215, 51.980382056741895], [4.468874578445384, 51.9804799020278], [4.4689624916174875, 51.980524354110266], [4.468971359308231, 51.98052883766342], [4.469011879880474, 51.980549323617225], [4.469022307285253, 51.98054410170331], [4.469504625457132, 51.980306205515404], [4.469515548168262, 51.98030081663776], [4.469540372750131, 51.980288570004035], [4.46993831686538, 51.980093402034676], [4.469951980847469, 51.98008649743273], [4.470472228528697, 51.979823383253375], [4.470557850714072, 51.979779732840875], [4.4705578963085735, 51.97977970982556], [4.4709113622703365, 51.97959951762779], [4.471430401763222, 51.97933798980404], [4.4714321518212525, 51.97933711355183], [4.471443963044464, 51.97933110220753], [4.47161558758907, 51.979243666245445], [4.4716292376034215, 51.979236707409086], [4.47179260933658, 51.97915349454203], [4.4719481703301724, 51.97907424759275], [4.472426934906987, 51.97883561971232], [4.472556018186292, 51.97877128496642], [4.472690724489858, 51.978703856755764], [4.473067458921505, 51.978515272828695], [4.473151840798002, 51.978473025714116], [4.473515048981834, 51.97828944979669], [4.47354084527275, 51.97827640988091], [4.473660457720073, 51.97821596436223], [4.473765495395597, 51.97816287511531], [4.473783711652117, 51.978153947019564], [4.47385407691991, 51.97811947360986], [4.4739059317019665, 51.97809407879857], [4.473933836620672, 51.97808040798604], [4.47396528152623, 51.97806444557777], [4.473966178793123, 51.97806398513388], [4.473966972906137, 51.97806358680967], [4.474027200323305, 51.97803302555102], [4.474074146804515, 51.978009201530234], [4.474147610886576, 51.97797192057513], [4.474267594688506, 51.97791102789224], [4.474269521469991, 51.97791004510576], [4.474301907240383, 51.97789361351154], [4.474361295705713, 51.977863486015664], [4.4744636984647, 51.97781247904598], [4.474487225945366, 51.977800751639705], [4.474566630393226, 51.97776120643377], [4.474754054087591, 51.977667848122714], [4.4748003877677744, 51.97764477410731], [4.475010570885183, 51.977540176335246], [4.475285142347909, 51.977403547445405], [4.475287215530056, 51.97740252083421], [4.475289361843097, 51.97740147681239], [4.475292684463117, 51.977399848658855], [4.475540433439634, 51.97727874137638], [4.475804734694067, 51.97714954619697], [4.475949395610677, 51.977078829649294], [4.476120738980226, 51.97699506133303], [4.476163170193506, 51.976974149788674], [4.4763364234940335, 51.97688875102879], [4.476367577983661, 51.97687338797287], [4.476634366260177, 51.97674190011322], [4.476734870845913, 51.97669236859993], [4.476988351709242, 51.97656742854098], [4.477294479444156, 51.976416531484396], [4.477607367730976, 51.97626231516955], [4.477632846227905, 51.976249757291214], [4.477938352056176, 51.9760991683619], [4.478101770474242, 51.97602112460796], [4.478318036087055, 51.97591655898094], [4.4783877766385665, 51.97588168254595], [4.479333508283981, 51.97540714903917], [4.479683481777518, 51.975231380022215], [4.479723109269077, 51.975211479248564], [4.479723388674029, 51.97521133758563], [4.481919802474674, 51.974108140256305], [4.4825476457828985, 51.97379137448382], [4.482623258736979, 51.973755821599056], [4.48294953117766, 51.97359139297397], [4.483116732810217, 51.973504562435586], [4.48316513970578, 51.973480737025916], [4.483250915542577, 51.97336331230845], [4.4832514932884475, 51.97336252035361], [4.483337110332489, 51.973245297495325], [4.483841786747338, 51.97298871019843], [4.484021254840056, 51.97289746926164], [4.48404073829118, 51.97288756055682], [4.4841652700088925, 51.97282424779129], [4.4855522063771005, 51.972117889325254], [4.485810102611458, 51.97198653719694], [4.486709910975782, 51.97173491538724], [4.486965161391352, 51.97160603931914], [4.487921708692513, 51.9711230790524], [4.490994343601818, 51.9695560683829], [4.491006605444499, 51.96954987094677], [4.492672015719638, 51.96870839982007], [4.492696257084554, 51.96869615286015], [4.4933898288010345, 51.96834570816009], [4.494390310391477, 51.96783963166201], [4.494429604267366, 51.96781975037562], [4.495170231823694, 51.96744700989655], [4.495178874401411, 51.96744268897462], [4.4951841218075135, 51.967440059137985], [4.495233816960164, 51.96741519524866], [4.495257790021238, 51.967403198007815], [4.495259042438889, 51.967439018306294], [4.495315910810557, 51.969042962465394], [4.495318108588981, 51.96907076305589], [4.4953096439045765, 51.96969199453647], [4.495563199639782, 51.97062040408576], [4.495745384754255, 51.97156473030061], [4.4957994037581575, 51.97184468667282], [4.495893805675773, 51.971796701521654], [4.4960335483268725, 51.97172567134524], [4.496135403677527, 51.971673895326234], [4.496241419298264, 51.971620011432016], [4.496331586131846, 51.97157417809321], [4.496339406204103, 51.97156807110556], [4.496856901138913, 51.971306039364784], [4.499558686089687, 51.969937912614945], [4.500481647445728, 51.96946606592934], [4.503701890222128, 51.96783459470866], [4.50493656885049, 51.96720978368158], [4.506584223093333, 51.966375964649565], [4.506627552090045, 51.96635404208359], [4.506631064737735, 51.96635227064714], [4.505843915441241, 51.96565222697438], [4.509273630467115, 51.96389512648305], [4.509282924131565, 51.963902045198324], [4.50939142729135, 51.96384645110103], [4.511954613124315, 51.96256638366222], [4.5122466192967785, 51.96242060265062], [4.513103045522932, 51.962921884965766], [4.513788714938658, 51.96260581323366], [4.513900472170704, 51.96265395025167], [4.514878236345919, 51.96215808290048], [4.515623438733142, 51.961779701096155], [4.515676879525466, 51.9617528614082], [4.515688531465027, 51.9617470152205], [4.5164870635721766, 51.96134151775405], [4.516619819762676, 51.96127850109038], [4.516638662474553, 51.961282236001644], [4.517947785467811, 51.960612913860224], [4.518042262550074, 51.960564614786165], [4.518261488813374, 51.96045252785396], [4.518365517344726, 51.9603993373346], [4.5185862702792265, 51.96028647006862], [4.518589692179422, 51.96029159190477], [4.519021529039857, 51.9610090274759], [4.519204333066501, 51.961310759407525], [4.519235507809305, 51.96136222477509], [4.519324339554718, 51.96151551655576], [4.519706687506176, 51.96202135095801], [4.519733076094551, 51.96205626871688], [4.519889372272038, 51.962233365022456], [4.520165939071288, 51.96254700434275], [4.520425144200103, 51.962843661353766], [4.520718480636189, 51.96319799767732], [4.52086164110837, 51.96334215136689], [4.520946362563164, 51.96340812273717], [4.521012871333306, 51.963452746730034], [4.521072019862249, 51.96347915941758], [4.521232770358024, 51.963526274806064], [4.5214491200028295, 51.963580181085476], [4.521656309925198, 51.9636186489792], [4.521942559226665, 51.96366219232701], [4.522085638292824, 51.96367501969449], [4.522590007006863, 51.96368834539259], [4.522764702388874, 51.963699067237314], [4.522902551147521, 51.96371149563285], [4.523042288017102, 51.96373921844546], [4.523152582573751, 51.96376196086989], [4.523473837531639, 51.963861756887226], [4.52365351477502, 51.963925107790125], [4.523891960039638, 51.96400918366479], [4.524131473813137, 51.96410729937751], [4.524363854130513, 51.96419808147405], [4.524793689414484, 51.964379927585775], [4.52514142572089, 51.96452566538725], [4.525392171993852, 51.96462260241573], [4.525565150449421, 51.96469263261541], [4.525671973884625, 51.964737189670316], [4.525768093239851, 51.964778432335905], [4.525883448179691, 51.96483338861585], [4.525984397354295, 51.96488077874667], [4.526092772622944, 51.96493550395275], [4.5263840886769495, 51.96510239784112], [4.526501106626733, 51.965161770118236], [4.526623869152589, 51.965209948486915], [4.5269161933206155, 51.96530170330737], [4.5270161402120275, 51.9653331753078], [4.527453925396253, 51.96548855325814], [4.527549416962175, 51.96552475622904], [4.527737425217963, 51.965615746708735], [4.5278214343759275, 51.96565887671901], [4.527904773962458, 51.96572177680695], [4.527971134743913, 51.965789856134755], [4.528009335791926, 51.96584667373371], [4.528055566033693, 51.96592494294026], [4.528046382333718, 51.966024559991354], [4.528038626016154, 51.96612562564822], [4.528034290198001, 51.966238041980354], [4.528042727041465, 51.96633697872916], [4.528067515638926, 51.96644070898565], [4.528071416635745, 51.96645736647283], [4.528113629893829, 51.966570662043104], [4.528152959749476, 51.96664456626287], [4.528229392783359, 51.96672629183968], [4.528319495142083, 51.96680092624112], [4.528428069288923, 51.96687605495645], [4.5285276181610135, 51.9669285561918], [4.528759644902462, 51.967023821288954], [4.528836644763257, 51.96704559632235], [4.529089158516077, 51.967066494353254], [4.529239386215954, 51.96708664594574], [4.52947081323384, 51.96712968122121], [4.529571944825801, 51.96714515988146], [4.529694232394699, 51.96715773651871], [4.529839106375426, 51.96717632025194], [4.530106876378536, 51.967228967314284], [4.530254031526845, 51.96726527478961], [4.530419637177124, 51.967318435333745], [4.5305935445723815, 51.967386487357814], [4.530765254182385, 51.96746297245238], [4.530969480525525, 51.96755892965877], [4.531115327054448, 51.967618147577525], [4.531336659667513, 51.96769472325701], [4.531524868978188, 51.96774552985405], [4.531640773377196, 51.96777243987154], [4.531819041749513, 51.96780276947671], [4.532103944626685, 51.96783486266397], [4.53227393725669, 51.96784895186505], [4.532510142163796, 51.96785543208072], [4.532878482070601, 51.967861882673716], [4.533088275917602, 51.96787212493935], [4.533308010295622, 51.96788765239468], [4.53351970969283, 51.967904828978064], [4.533699910592335, 51.96792546201572], [4.533922194759828, 51.96795997286312], [4.5341020557030225, 51.967990849874354], [4.534191259608189, 51.96800623806537], [4.5343695206472185, 51.9680447434154], [4.5344717963753975, 51.96806912490979], [4.534605801324968, 51.96811620787534], [4.534711101087472, 51.96815759961583], [4.534885138117442, 51.96822699451362], [4.534984830708435, 51.96827248016255], [4.535055075004784, 51.96831307833434], [4.535127990102635, 51.96835863956226], [4.5352117097005955, 51.96842531241858], [4.535301802258225, 51.9685165703618], [4.53535694970937, 51.96860119327709], [4.5353948846720895, 51.968680298356205], [4.535411906693465, 51.96876482497009], [4.535425821557025, 51.968875036606846], [4.53543547807244, 51.96905622769716], [4.535435350658919, 51.96919321370658], [4.5354271640598505, 51.96936375889174], [4.535430534856348, 51.96957708380394], [4.535429120025465, 51.96958644871542], [4.535393430395059, 51.96982202534573], [4.535382584232462, 51.969948686680084], [4.53538237385937, 51.9700440546562], [4.535398410648521, 51.970134506625996], [4.535419852262082, 51.970200908162155], [4.535465510066013, 51.970264249102584], [4.535521988218733, 51.970317241530736], [4.53560897251524, 51.97037315134545], [4.535686614381871, 51.97041524085452], [4.53578204233669, 51.97044802095682], [4.535873909424847, 51.970476730325494], [4.535982362644431, 51.970498009169425], [4.53609299583347, 51.97050411287908], [4.53617787305173, 51.97050238983263], [4.536301857441151, 51.97048746661395], [4.536442924974021, 51.970454240084294], [4.536943465243512, 51.97028986089294], [4.5371646223940125, 51.97022332510682], [4.537410673769275, 51.970163979862896], [4.537955173325064, 51.97004485709234], [4.538121460731823, 51.97000920389064], [4.538287420216972, 51.969967795356666], [4.538457280933674, 51.96992785291586], [4.538607526784732, 51.96990161125898], [4.538931874985173, 51.96986502950671], [4.539155113135884, 51.96984209989745], [4.539315718191171, 51.969837504749705], [4.539502563500084, 51.96983822198222], [4.5396657140961425, 51.969845240046574], [4.53985480168819, 51.96986592759958], [4.539951066546296, 51.969885317237235], [4.540306813204074, 51.96999700061587], [4.540460860329883, 51.97006228827563], [4.5409394087663895, 51.97028343624816], [4.541063049770442, 51.970340594401705], [4.541245605176116, 51.97042226560324], [4.542158956042684, 51.9708006892856], [4.542249980175307, 51.970835769516086], [4.542568265617628, 51.97092812107154], [4.542778458368798, 51.970995336802055], [4.543022855815358, 51.97107780861011], [4.54317950107131, 51.971144639402844], [4.543337686646204, 51.971222447174256], [4.543663560525778, 51.971399073736], [4.5438806249143, 51.97153447064201], [4.544029170434136, 51.971622005995634], [4.544326016519752, 51.97175599630029], [4.544535527607325, 51.9718365970655], [4.544722007111424, 51.97191145958248], [4.544890521246605, 51.97198978864227], [4.545147753032822, 51.97212556063681], [4.545419514006178, 51.9722549641977], [4.545629746109074, 51.97235165782494], [4.545886720075061, 51.97243933713622], [4.5464675687299625, 51.97259404884448], [4.546859902022614, 51.97268916500688], [4.5471595453721045, 51.97275233764457], [4.5473701819312025, 51.97278889705435], [4.54750253573972, 51.97280125729837], [4.547685955789245, 51.9728067908713], [4.547887265720773, 51.972610746762285], [4.547910094833136, 51.9725885009427], [4.547917210389397, 51.97258156752989], [4.548104435185233, 51.972399265070464], [4.548082511603237, 51.972388681893776], [4.5481087064792325, 51.97237477452937], [4.549343726966011, 51.97171911786956], [4.5495695857208505, 51.97158724478328], [4.549663982463838, 51.97152005257251], [4.549748682085967, 51.97138762363434], [4.54982156988225, 51.97130319978272], [4.549934188428822, 51.97123433931319], [4.5501852923092585, 51.971098599800406], [4.551000783235791, 51.970657663147435], [4.5510387262660235, 51.970637205009155], [4.552680857429866, 51.96975177981865], [4.553366827453666, 51.969381888990355], [4.553854179274268, 51.969116581557785], [4.554180510107139, 51.96894091741881], [4.554196896775412, 51.96893070549056], [4.554215052271036, 51.96892084765171], [4.5542342007361345, 51.968911590090244], [4.554251849033537, 51.968903966826396], [4.554271642610662, 51.968896017178956], [4.554311112958004, 51.968883272060005], [4.554330742877819, 51.968877865029434], [4.5543511650661, 51.96887289505866], [4.55437128809111, 51.96886914542183], [4.554395213664689, 51.96886516202697], [4.554419705905607, 51.96886200959331], [4.554441467864431, 51.96886012320527], [4.554466713960248, 51.96885869292791], [4.554488570961419, 51.96885795774976], [4.554512473959098, 51.96885832467357], [4.5545434588053695, 51.968859757428405], [4.55455413111887, 51.96886025542346], [4.554567620614513, 51.968861860980255], [4.554762015101358, 51.968894696780346], [4.555408166713328, 51.968815222920135], [4.556379884474481, 51.96887557115929], [4.556405919138867, 51.96880564360386], [4.556471305319642, 51.968811049049975], [4.55654506888374, 51.96879628916399], [4.556689823648288, 51.96872000875148], [4.556582561996611, 51.96865767936417], [4.556503079842455, 51.96858835510544], [4.55651656655714, 51.96855632492458], [4.556531224745507, 51.968521543500195], [4.556559096003833, 51.968455359160494], [4.556585670850204, 51.968466190525874], [4.558139219603579, 51.96909957418353], [4.558214742377208, 51.96912347679942], [4.558325727474173, 51.969149876363225], [4.5584683519263285, 51.9691809031201], [4.558882190806095, 51.969261748882204], [4.55954297530926, 51.96939071199463], [4.560251901603986, 51.969529268122145], [4.5604052760148015, 51.969569356736905], [4.560547353478252, 51.96962230941727], [4.56067401510059, 51.96969052420072], [4.560708550856147, 51.96972753034525], [4.560750017874819, 51.96977537153425], [4.5607857112331835, 51.96986802545969], [4.560796582394486, 51.96994935911163], [4.560775512579843, 51.970026603290904], [4.56073460003774, 51.97011449444667], [4.561222083218467, 51.97019566951444], [4.561398598015273, 51.970275379399204], [4.561354984942926, 51.97031240308749], [4.561104392383537, 51.970525175656675], [4.561422029237435, 51.97066259459398], [4.5616515952336645, 51.97076191211305], [4.56148636216428, 51.970899267495845], [4.561337531652055, 51.971023075054504], [4.5611295826123195, 51.97119599474559], [4.561588391454959, 51.97139981462962], [4.56144282122299, 51.97152511034051], [4.561605236863451, 51.97159230763027], [4.561607475637854, 51.97159323119227], [4.561832893177555, 51.971686541784464], [4.561837413903376, 51.97168841616843], [4.5619242615526625, 51.97172439566747], [4.561928117876006, 51.97172599572837], [4.561953986055779, 51.971736702867155], [4.562078762738449, 51.97178836379562], [4.5620964126508525, 51.971795669494696], [4.562159790463795, 51.97182191132677], [4.5624134188680365, 51.97192687913287], [4.562546897612848, 51.97181482762641], [4.562762559601955, 51.97163386972284], [4.562897217246914, 51.971520927213575], [4.563367415037203, 51.9717280827999], [4.563211972843179, 51.971863351870105], [4.563744086447155, 51.97176775287786], [4.564147645486807, 51.971695251902894], [4.564255744251662, 51.97160189704595], [4.564333823111928, 51.9715344890652], [4.5651057769702525, 51.97134401416265], [4.56510880312534, 51.97134327127336], [4.565382040304268, 51.97127584182242], [4.5656708115484275, 51.97133754307906], [4.565743748194751, 51.97147126391596], [4.566713769925819, 51.97124235053284], [4.566935719669289, 51.97118996632193], [4.5674845110112585, 51.971307668127025], [4.568064994613033, 51.97143216769861], [4.568647032056458, 51.97155702576592], [4.569194253959064, 51.971714177748645], [4.569727496542889, 51.97186718516355], [4.570275338820312, 51.97202424652379], [4.571601805847843, 51.972125043389035], [4.5718031989746555, 51.971956913678625], [4.571908594293576, 51.97186892625486], [4.572390890984655, 51.97208547771509], [4.572609222974154, 51.972169613059435], [4.572748125135193, 51.97222314019495], [4.572870797458731, 51.972270415598885], [4.573399225161112, 51.97247405091228], [4.573882536486013, 51.972660284583654], [4.574362967570486, 51.972876365582295], [4.574119716630763, 51.97308016491313], [4.574087643259775, 51.973107268698506], [4.57504674066593, 51.9736377504353], [4.5750509406893975, 51.97363969400522], [4.575415211310703, 51.9738086503648], [4.575508015266286, 51.9738597168542], [4.575698207695407, 51.973964299173446], [4.575785580055749, 51.974012343754026], [4.575944228733525, 51.974099575709566], [4.575949142643491, 51.97410228819931], [4.576162252508148, 51.974220177978324], [4.576380422977749, 51.97434078084994], [4.576388233384515, 51.97434509527842], [4.5768167706790654, 51.97458180564106], [4.576822001764404, 51.9745846910622], [4.577253266965232, 51.97482291970633], [4.577258685505143, 51.97482590527306], [4.57728890464395, 51.97484259841583], [4.577441989464271, 51.97492715633604], [4.577469167989628, 51.97494217460021], [4.577490971457178, 51.974954216590355], [4.577614659025587, 51.97502253628021], [4.577641852219024, 51.97503755460511], [4.5776896240323355, 51.975063941291445], [4.577693414075179, 51.97506603474922], [4.577777847077357, 51.975112673298646], [4.577810833470366, 51.975130895430624], [4.577936654731994, 51.975200397976685], [4.577948068265225, 51.975206696601354], [4.578087710159019, 51.97528382650138], [4.578126129687326, 51.97530505214949], [4.578139921131545, 51.97531266146758], [4.57854360451431, 51.97553555943868], [4.578562641648461, 51.97554607152871], [4.578999444492506, 51.975787360928344], [4.578958875309198, 51.975821562570445], [4.578726986066063, 51.97601709868119], [4.578701225447055, 51.97603881792962], [4.578697826401038, 51.97604167092896], [4.578664099167374, 51.976070130817085], [4.578581171247354, 51.97614004962017], [4.57852409249965, 51.97618817786052], [4.577920817007399, 51.97585459724568], [4.577874192801469, 51.97589360172963], [4.57778225229318, 51.97597170952544], [4.5777388127107175, 51.97600763479202], [4.577446553050502, 51.976249394949335], [4.5773002823933275, 51.9761684794097], [4.575720400192081, 51.97529396755119], [4.574465907928331, 51.97459953116903], [4.574303524390846, 51.97450963778551], [4.573938452904251, 51.974761133232676], [4.573835802345373, 51.97471530079603], [4.573529043849333, 51.97457628313164], [4.573252249466892, 51.97494994896593], [4.5718005388167855, 51.97690968038173], [4.570408719895647, 51.9787883904821], [4.570229498425145, 51.979030288162754], [4.573374136239507, 51.9797919335223], [4.573700938891814, 51.979871082052256], [4.575462070466343, 51.98029756623129], [4.575695214221303, 51.980354022945576], [4.578918055167222, 51.98113439573224], [4.57893645365686, 51.98127656008401], [4.578937767927834, 51.98128682511246], [4.578951796998309, 51.98139602518909], [4.57897517181983, 51.981577881443705], [4.578987134318211, 51.98167091479076], [4.578989943344262, 51.9816927404442], [4.578992761743263, 51.98171485379725], [4.579083027511345, 51.98241586593666], [4.579090088393201, 51.98247316285725], [4.579096246065751, 51.98253049851665], [4.579101500525548, 51.9825878729151], [4.579105837375687, 51.98264527696516], [4.579109495668927, 51.982707215599724], [4.579112105511857, 51.98276917399877], [4.57911365250716, 51.982831143074996], [4.57911413665055, 51.982893122828344], [4.579113572816568, 51.982955095383815], [4.579111946445631, 51.98301706064139], [4.579109272088773, 51.98307901870102], [4.579105520954967, 51.98314095138768], [4.579100722150548, 51.98320285890108], [4.579094875832919, 51.983264732253716], [4.579087967604634, 51.98332656235788], [4.579079997461443, 51.983388349213364], [4.579070980277998, 51.98345007494495], [4.579060916050356, 51.98351173955241], [4.579049790380666, 51.98357333394784], [4.5790376178201155, 51.983634858231], [4.579024468524027, 51.98369726567537], [4.579010228985756, 51.98375958473185], [4.578994928473725, 51.98382180661243], [4.5789785669838485, 51.98388393131674], [4.578961130442317, 51.98394593178188], [4.578942633076497, 51.984007826082234], [4.578923075367812, 51.984069587254815], [4.578902457150302, 51.98413122428667], [4.5788807787439225, 51.98419271920207], [4.578858054700177, 51.98425407210063], [4.578834270783233, 51.984315264906606], [4.578809426827172, 51.98437630660691], [4.578783552263484, 51.98443717942575], [4.578756617976766, 51.98449788316246], [4.578728653398626, 51.98455840004138], [4.578699643969709, 51.98461872996175], [4.57866960424169, 51.98467887302287], [4.5786385345353295, 51.98473881124876], [4.578606420290687, 51.98479854453879], [4.5785733053341096, 51.98485806420455], [4.578539160712336, 51.98491736105776], [4.578503986421697, 51.98497643509729], [4.5784678118949405, 51.98503526854751], [4.57843062241051, 51.98509387029486], [4.578392432845197, 51.98515222246338], [4.578353243358175, 51.985210316064745], [4.578313935453028, 51.98526689875344], [4.578273671129711, 51.985323232161385], [4.578232479822452, 51.98537929851244], [4.578190332253793, 51.98543510659325], [4.578147257857501, 51.985490638627674], [4.578103256793042, 51.98554588562757], [4.5780576736658, 51.985601670035805], [4.578011134911899, 51.98565716021909], [4.577963641015705, 51.985712329213655], [4.577915206206532, 51.98576719509346], [4.577865816412107, 51.985821730794775], [4.577815500580458, 51.985875945504], [4.577779630223773, 51.98591381042382], [4.577505145447841, 51.98620200203759], [4.577311741293466, 51.98640505379432], [4.577763431923757, 51.986569057797276], [4.579018291033521, 51.98702468564878], [4.579231689022247, 51.98710216760433], [4.579686662434594, 51.98726738194856], [4.579449044549615, 51.98758468381337], [4.579268378609488, 51.98782593736916], [4.579196922887598, 51.98792137284062], [4.578944751979375, 51.988258159856315], [4.578727157481931, 51.98854876687343], [4.578752403552062, 51.98855597839072], [4.579735851758768, 51.988836676142135], [4.579707306288707, 51.988873603072115], [4.579516038251619, 51.989120473976044], [4.579515367632069, 51.98912133227641], [4.579499597225137, 51.98914170000719], [4.5794496781599365, 51.989206129036035], [4.579189094993765, 51.98954245429235], [4.578942380788461, 51.98986088808618], [4.57893524522927, 51.98987009730726], [4.5797241989523165, 51.99009643526697], [4.57994202133338, 51.99015871066387], [4.5848442844421005, 51.99156021299178], [4.584914540217658, 51.99158029612534], [4.588721309636999, 51.99266840607584], [4.591336850773906, 51.993415916925684], [4.592267018184968, 51.99368173155065], [4.5922810850993665, 51.993685754587005], [4.5925697410606805, 51.993768241861474], [4.592760348828379, 51.99382270528552], [4.592760754404461, 51.99382282487514], [4.592853255186751, 51.99384925554199], [4.592854196891439, 51.99384952256771], [4.592864468292339, 51.99385245926027], [4.593563102384227, 51.9940520995123], [4.593892356752034, 51.994146182938074], [4.594156752146556, 51.99422173434246], [4.594189479267015, 51.99423108729189], [4.594279258007966, 51.99425674344723], [4.594366950518165, 51.99428181110762], [4.595018147485724, 51.99341426043736], [4.595181708992212, 51.99318902942496], [4.595665158741391, 51.99253494877964], [4.596023140305955, 51.99204289536348], [4.596334455797042, 51.991628907493975], [4.596715333978722, 51.991142129322014], [4.59748703496766, 51.99009025566886], [4.598156122452665, 51.98918366316114], [4.598381565783457, 51.988863617703025], [4.598560329217351, 51.98860984626081], [4.598679118314174, 51.98842008472351], [4.598720115209924, 51.988324091879605], [4.598762373152222, 51.98815637868199], [4.598762421232039, 51.98815530037569], [4.5987688471649335, 51.98803659543506], [4.598772513822498, 51.98796882820794], [4.5986735293979235, 51.98796801207976], [4.598643151108084, 51.9878567726788], [4.598581519775177, 51.987631079064144], [4.598524243599963, 51.98747068061606], [4.598487786733727, 51.987340883963626], [4.598472017711157, 51.98728473451577], [4.598392132313305, 51.987090459310366], [4.598262365380424, 51.986774872394555], [4.598227360650311, 51.98669251807801], [4.5975407281803164, 51.985077246220136], [4.597379986972162, 51.98469439474176], [4.597304514519769, 51.984514619552655], [4.597269447182794, 51.9844310778269], [4.597183050444358, 51.98422527014448], [4.596720078206393, 51.98312239687545], [4.596586523313753, 51.982804237987736], [4.596551974606863, 51.98273848794064], [4.596543397046959, 51.982722178915495], [4.596430119154238, 51.982550274730016], [4.596329101155062, 51.98242528343418], [4.596284625329039, 51.98237026187981], [4.596182140680723, 51.98224346287392], [4.595977842962006, 51.982003873336275], [4.595842602595723, 51.981809726885146], [4.595811189865798, 51.981758568218666], [4.595783539707653, 51.98170619442599], [4.595774166979113, 51.98166816353754], [4.595769221200768, 51.98165477321095], [4.595323718103483, 51.98044975709985], [4.595173541278122, 51.98003447958816], [4.5950274296062394, 51.97963313459234], [4.5948912241959485, 51.97927182841318], [4.5947835649764155, 51.978981337773966], [4.594681872292158, 51.97875605458496], [4.59459409985317, 51.97857418115799], [4.594530826661306, 51.97844738410232], [4.594471233508754, 51.97832733528112], [4.594344682667571, 51.97805845134305], [4.5942272087717955, 51.97777268491512], [4.594186557668104, 51.977662291523735], [4.594174433586853, 51.977606300680876], [4.594176888721041, 51.97755389568655], [4.5941891423236845, 51.97749968710759], [4.594197174502753, 51.977465251969946], [4.594201063748669, 51.977448622299626], [4.594259380721692, 51.97729092377162], [4.5942865476067, 51.97721398463476], [4.594301376118025, 51.97715819342381], [4.594290687703399, 51.97710085498525], [4.594270992313686, 51.97708040799803], [4.594188158284277, 51.97700062412525], [4.594113749731031, 51.97694400669428], [4.594067855231898, 51.9769062867326], [4.593986080310335, 51.97683907592486], [4.59390324069406, 51.97675637051196], [4.593892294700889, 51.97673748355218], [4.5938491083524555, 51.97663721207693], [4.593802259247811, 51.97651445335646], [4.593771814861377, 51.97640314886973], [4.593752683133593, 51.97630892711138], [4.59374158687819, 51.97622122235008], [4.593733039122111, 51.97613261793645], [4.593737380185111, 51.97610608588062], [4.59374021935263, 51.976088757017415], [4.5937684626477395, 51.9760003467953], [4.593808760379391, 51.97590270566029], [4.5938940066859555, 51.975885474071646], [4.593896729876105, 51.97587634203197], [4.593919828567363, 51.97580721359863], [4.593941527453291, 51.97575879446178], [4.593977429952807, 51.97569812972793], [4.594021814924983, 51.97564338274293], [4.594123347471564, 51.97555372272594], [4.594185383335332, 51.975506582172265], [4.594382162325534, 51.97538635545569], [4.594989582986268, 51.97510129267307], [4.595536417806568, 51.97486584968049], [4.59720670985382, 51.97416774131372], [4.5981834272314535, 51.97373757481641], [4.599333871243269, 51.97325436215546], [4.600326343025028, 51.97281649937419], [4.6010161115015675, 51.972512172219425], [4.6017475243978065, 51.97220193491628], [4.601705405100924, 51.97218373935742], [4.60180790926155, 51.97214023658778], [4.601795119227412, 51.97213436162385], [4.601670087437043, 51.972084673617985], [4.601662644287973, 51.97208171160197], [4.601477913341688, 51.97200136003305], [4.601043705267748, 51.97184149074001], [4.600850851786768, 51.97177048599716], [4.600485840245611, 51.971677485111314], [4.600120750090122, 51.9716139203067], [4.599813716111235, 51.97155355641105], [4.5996719227792005, 51.9715254076771], [4.599560888778629, 51.971498453531744], [4.599505779089247, 51.971484161181884], [4.59939937840568, 51.97144697289619], [4.59906826910126, 51.971309125848386], [4.598004634831816, 51.970843368934815], [4.5978765652757465, 51.970787283627615], [4.5972003444608704, 51.97048812449539], [4.596716356779681, 51.97027922268907], [4.596458969255026, 51.97018375956426], [4.596423445137951, 51.970170586152825], [4.596389556889354, 51.97015872707772], [4.595944541803076, 51.970003009080195], [4.594791468656793, 51.96958187907728], [4.594622744112691, 51.96951934117324], [4.593121521753645, 51.96896286193267], [4.592864920038516, 51.96887235792638], [4.592330446321299, 51.96868383383621], [4.591566088977568, 51.96846686781589], [4.591008184787138, 51.96830849787808], [4.590844857770945, 51.96826380652292], [4.590782232275342, 51.96824617834028], [4.590753345792574, 51.968239636808825], [4.590725180028469, 51.9682351225918], [4.590690310842786, 51.96823195622056], [4.590660982192703, 51.968233923907064], [4.59062900543748, 51.96823914551776], [4.590595689317382, 51.968247674855824], [4.590569193515247, 51.968261382877365], [4.590538312165443, 51.96827866563646], [4.590508385959977, 51.9683003413079], [4.590476672363648, 51.968326786819155], [4.5902031235043195, 51.968554126070046], [4.590181285356318, 51.96856776668306], [4.590145569430468, 51.96858193348471], [4.59008658864826, 51.968586846148405], [4.590059527057629, 51.968587336933105], [4.590021656657548, 51.96858107591632], [4.589831338884042, 51.96848542347658], [4.589757369171314, 51.96845187988974], [4.588467132501286, 51.96786675790932], [4.58719279361185, 51.96728882180912], [4.5871768258354395, 51.967281720064946], [4.5865538530482475, 51.9670047847311], [4.585502136472169, 51.966537242382266], [4.585371290033188, 51.966477681803106], [4.585262453063482, 51.96640877911261], [4.585213034492145, 51.96637628987703], [4.585155540643901, 51.966325040214144], [4.584985339417662, 51.966099172794905], [4.584916840776404, 51.966023767411016], [4.584848228056457, 51.96594824435582], [4.584721289848552, 51.96586314601578], [4.584319463345472, 51.96568277087279], [4.584284194390822, 51.96566630567369], [4.58425441538205, 51.965642300513466], [4.584249287570016, 51.965620674807155], [4.584245882573982, 51.96559872827989], [4.584266729436236, 51.965569765358545], [4.584295694873044, 51.965530296193926], [4.584314297398932, 51.96551371327761], [4.584102733344633, 51.965418715454234], [4.584089554028407, 51.96541279185691], [4.583992173733861, 51.965369062460866], [4.58383173013345, 51.965503938032406], [4.583805470426099, 51.965491876922584], [4.581479121624155, 51.96442332410326], [4.581588319551377, 51.96433139907106], [4.580385269008677, 51.96375889690236], [4.580270368510866, 51.963704217422055], [4.577253612162046, 51.9622687290108], [4.577081491070542, 51.962186825922814], [4.5769517984583095, 51.962125106659094], [4.5766644561679755, 51.96198836965382], [4.576641893535214, 51.961977634575256], [4.576146354996145, 51.96174186303153], [4.575567845416678, 51.961466524230524], [4.5751491584972745, 51.96126724563143], [4.574993873020445, 51.961193335064735], [4.574512202761324, 51.960964034107256], [4.574201043808539, 51.96081599847548], [4.573841274028429, 51.96064479478111], [4.5726905535359235, 51.96009850330309], [4.571538814863947, 51.959561721413856], [4.5708706199733395, 51.95926243880855], [4.570790937252605, 51.95922702788305], [4.570507908885116, 51.95910000254446], [4.570499796989521, 51.95909636155745], [4.57037792199639, 51.95904176329681], [4.569199460695125, 51.958545221787446], [4.568252424476084, 51.95817394552817], [4.568012742560641, 51.9580799822313], [4.567946179843134, 51.95813579581951], [4.567885822312467, 51.9581864220838], [4.567711439535471, 51.95813772046097], [4.567675454195222, 51.95812767216057], [4.5675945670013105, 51.95810507748319], [4.567383837773366, 51.958046225645994], [4.567228613316298, 51.95800171069034], [4.567101225868572, 51.95796729507856], [4.566974627033389, 51.957931932028806], [4.566795266847423, 51.95788183705481], [4.566519347167759, 51.958113968296765], [4.565752038161865, 51.95875949092415], [4.565345463593221, 51.9591015192168], [4.565325218833885, 51.959118555114216], [4.5647372603276635, 51.95961313690424], [4.564444458348016, 51.95985943718054], [4.564366964333495, 51.9599246292531], [4.564261441255804, 51.95987675466939], [4.563900315307833, 51.95971291766512], [4.563890301363078, 51.959708371236836], [4.563220883640485, 51.95940461414952], [4.563091468384271, 51.95934589264915], [4.563009554275738, 51.95930871701577], [4.562672519969257, 51.9591557774485], [4.562202611886982, 51.95894255311666], [4.562052955744733, 51.95887463695013], [4.5625037858875155, 51.957803590521806], [4.562737944500424, 51.9572514134691], [4.562898976741309, 51.95686468119943], [4.56178957561539, 51.95668647792139], [4.561587367026908, 51.956654001440086], [4.5615502460703565, 51.95664803492946], [4.561569156286962, 51.956605507458384], [4.561572206707758, 51.95659865254058], [4.562405514699228, 51.95472430335451], [4.562418004120343, 51.954696211457424], [4.56242260952492, 51.954685475326656], [4.562440423337566, 51.95464393776049], [4.562491417262528, 51.95452504265404], [4.562608013958194, 51.954251436067615], [4.5630212210682455, 51.953281830048006], [4.563053025425561, 51.95320719525594], [4.563053253680241, 51.95320664854634], [4.563061456137949, 51.953186975888585], [4.563227599359372, 51.95278872833573], [4.563267751063172, 51.95269361284487], [4.563407885095831, 51.95236165403509], [4.563448751180193, 51.95226482664461], [4.5636491501194225, 51.951790261836535], [4.563931843539006, 51.951121865693594], [4.563950544578732, 51.951076217279926], [4.564063400526424, 51.95080889300318], [4.56414901818529, 51.95073616247168], [4.564198772093912, 51.95069389526997], [4.564280739725867, 51.95062424918641], [4.564443476989605, 51.95048599115371], [4.564521644576507, 51.950419662109425], [4.564604184490437, 51.95034953171598], [4.564630224016707, 51.95032740660953], [4.564698743639359, 51.950269180686846], [4.564770567326083, 51.95020766100368], [4.564889288268318, 51.95010726950532], [4.565262245197258, 51.949790418530114], [4.565439118016682, 51.94964010518773], [4.565616598936588, 51.949490676713516], [4.566656920182144, 51.948614818534104], [4.566942607251161, 51.948374296475066], [4.567437291852056, 51.94795779746681], [4.567783031177091, 51.947666695460754], [4.568044848417536, 51.94744625591349], [4.56916784250516, 51.94650073143218], [4.569377190122834, 51.94632610783173], [4.570169222172807, 51.94566545158375], [4.570470181274017, 51.94540848777832], [4.570516572871892, 51.94536890012728], [4.5705747853077625, 51.94531914742505], [4.570634621883482, 51.9452680576656], [4.570693719723941, 51.9452175919554], [4.570752670366761, 51.94516721508065], [4.570811620877611, 51.94511683817497], [4.570870863751278, 51.9450663733813], [4.570929813998228, 51.94501599641401], [4.570989058241767, 51.944965441683074], [4.571049634102546, 51.944913637745756], [4.5711078437271535, 51.94486397464422], [4.57140288348528, 51.944612001023316], [4.571440990579881, 51.944579995928315], [4.571451226102687, 51.944571410809004], [4.571511919210209, 51.94452109956414], [4.571570287135511, 51.94447147328364], [4.571635381037539, 51.94441988912726], [4.571693393282362, 51.9443682109018], [4.571751875035316, 51.94431950216419], [4.571784348896085, 51.94429171854188], [4.571806548612476, 51.94427305012604], [4.571874637367977, 51.944215904626546], [4.572126890077215, 51.944004144587225], [4.572333531793569, 51.943830683432225], [4.572693907860398, 51.94352810340289], [4.572779732121629, 51.94345607806538], [4.572535152578321, 51.943345666628005], [4.57166655456421, 51.94295353099874], [4.571664736933988, 51.94295270941766], [4.571663496259448, 51.94295215250788], [4.570499436248965, 51.94242660811499], [4.567594249719336, 51.941981884989275], [4.567309948009496, 51.941938360088784], [4.563675753799681, 51.941381925128894], [4.563646109905573, 51.94137738506921], [4.560760759749963, 51.94093550996957], [4.560594559694565, 51.9409100728634], [4.560624025997161, 51.94084051875925], [4.561066696018139, 51.93979546717756], [4.561134155084865, 51.939636212021725], [4.5626467595117965, 51.93606476168389], [4.562699707724019, 51.935939722718864], [4.562724421876054, 51.93588136164009], [4.563271804756088, 51.93458869621641], [4.563531347250525, 51.933975732770676], [4.563637229635418, 51.93372565385764], [4.563642382374277, 51.93371348329846], [4.563733078879378, 51.933499279679054], [4.563737243321677, 51.93348945723251], [4.5637409217340394, 51.93348076395795], [4.563742396006351, 51.93347728666834], [4.563742760939607, 51.933476417320506], [4.563742943488687, 51.933475978152835], [4.563743125872955, 51.93347554797266], [4.563743687894343, 51.93347423955893], [4.563809882041278, 51.93331789530164], [4.563846314934206, 51.933231858935116], [4.564213029893857, 51.93236576662483], [4.564299170317167, 51.93216231798145], [4.564310067951743, 51.932136569719084], [4.5643158130385455, 51.93212300103685], [4.564369266724874, 51.93199674233577], [4.564387290206208, 51.93195417214518], [4.564392657573055, 51.93194148170814], [4.56509071585245, 51.93029268652618], [4.565288460699171, 51.92982569474982], [4.565189044631843, 51.929778411753965], [4.565003733572391, 51.92969028602247], [4.564702604563626, 51.92954708558671], [4.564983275458848, 51.9293155844155], [4.565152985603903, 51.929178883968355], [4.5651249733489525, 51.92916507035739], [4.5650589796127585, 51.92913320269323], [4.565088516944532, 51.929066110805884], [4.5650971039497374, 51.92904658446288], [4.5651523295369145, 51.928920904028516], [4.565155256024837, 51.928914252174806], [4.5655165750513484, 51.92809316355843], [4.5657475043452, 51.927502691324], [4.565851868281304, 51.92721011906764], [4.565874853151223, 51.927116410649234], [4.56587496263866, 51.92711598894528], [4.565965755520348, 51.926746558403174], [4.565973995927986, 51.92665134479258], [4.565992857544318, 51.92643328497121], [4.56599322669376, 51.92642899994238], [4.565997632673538, 51.926419421788204], [4.56615840056857, 51.92607051531349], [4.566162084370278, 51.92606385343727], [4.566180504348971, 51.92603049012888], [4.566192714687794, 51.92600675531279], [4.566239140859406, 51.9259087250477], [4.565985490902323, 51.9257708838164], [4.565990174654275, 51.92575565371349], [4.56599026779237, 51.92575533077065], [4.565995783637946, 51.92573737121707], [4.56599999165798, 51.92572366856708], [4.566003129840358, 51.925713452353214], [4.566011771517912, 51.92568531515004], [4.565991631936504, 51.92568948913429], [4.565962347364011, 51.925692880178666], [4.565935381383842, 51.92568873690086], [4.565907516202632, 51.92567811548079], [4.565786810916507, 51.92560850921993], [4.565755022048179, 51.92558985144138], [4.565688711526394, 51.925550925775454], [4.56566147743798, 51.925435896051], [4.565694224170646, 51.92534895239446], [4.565778804026401, 51.92512432232325], [4.565793517742444, 51.92509089723735], [4.565777576495247, 51.92506426928253], [4.565743205116339, 51.92500640276439], [4.565704151754656, 51.92494062944502], [4.56569915909124, 51.92493221711787], [4.565682849740964, 51.92490346524742], [4.565647724848915, 51.92484150358226], [4.565599586427952, 51.924756601759846], [4.565393336411688, 51.92446006228954], [4.565252785789498, 51.924291441192025], [4.565148548701811, 51.924178605838684], [4.565114791330731, 51.92414207359068], [4.56509116714053, 51.9241182412642], [4.565010873289761, 51.92403725826187], [4.564905295186643, 51.923936575166195], [4.564848412721963, 51.92388232635079], [4.5647697533497436, 51.923816123123316], [4.564734933821982, 51.92378681029116], [4.564636631533996, 51.92370407428245], [4.564551615906697, 51.92363252313837], [4.564379242308556, 51.92350304909792], [4.564066005549858, 51.92329384837598], [4.563744576257264, 51.923103465693835], [4.563697409209388, 51.92307766158917], [4.56363392005835, 51.92304293428766], [4.563560485297453, 51.923002762084735], [4.563229915214918, 51.92284332493624], [4.562912796827897, 51.92270357643751], [4.562580018286246, 51.92256964983256], [4.562154261155663, 51.922408733361536], [4.561812314755217, 51.92229136933479], [4.561452811165076, 51.92217309006147], [4.561439647249605, 51.9221687549971], [4.561474978665779, 51.922045902961436], [4.561512609024173, 51.921915022176506], [4.561524287383553, 51.921874430344985], [4.561488251027281, 51.92186247413471], [4.56143408074082, 51.92184451201996], [4.561420527439618, 51.9218400124233], [4.561352803919878, 51.92181755067312], [4.560885991853376, 51.92166271611258], [4.560547525066969, 51.92155044962574], [4.560257640197064, 51.921401087604096], [4.560244819594234, 51.9213947053975], [4.559601925930799, 51.921074411689666], [4.559559883834376, 51.921052363310466], [4.559115102408505, 51.92082865106582], [4.558623888112193, 51.92066358489241], [4.557728009279814, 51.92036252378943], [4.55691282389168, 51.91991192321981], [4.556910600552655, 51.91991345358327], [4.556910085187064, 51.91991380949359], [4.556555920578478, 51.92015857929367], [4.556555714429989, 51.92015872165728], [4.5563276524778615, 51.92031632785175], [4.554667330998142, 51.91994333469489], [4.553552724648896, 51.91969661225324], [4.552079230354765, 51.91944956852254], [4.552073141058426, 51.91944854732682], [4.550722094531826, 51.91933845529292], [4.549039582457968, 51.91932548248802], [4.545161538266879, 51.91929140728759], [4.5441128152375025, 51.919282170511515], [4.5434030249171045, 51.91927591315701], [4.541071592842661, 51.91925965323268], [4.5403561229035585, 51.91940587479894], [4.539104686723197, 51.91966037243726], [4.538979476820842, 51.919668350565246], [4.538289915323173, 51.91971979881175], [4.537562295019607, 51.91977585800594], [4.537549817823606, 51.91977841057026], [4.537851857915555, 51.91931730516577], [4.538382219913941, 51.918507592976454], [4.538585441097689, 51.91819732204435], [4.538936304981334, 51.91766370357164], [4.539337752260761, 51.91705039523907], [4.5393491629392635, 51.91703267985174], [4.540317498990676, 51.915555278793896], [4.540522903788729, 51.91524186513614], [4.540136115059542, 51.91528145345145], [4.539679979829059, 51.915316307241916], [4.539317012048517, 51.91533283771192], [4.538953791449877, 51.915339648451884], [4.5385904224865925, 51.91534122557501], [4.5382223907067605, 51.91534417915082], [4.538227369266678, 51.91505534516957], [4.5382313489352075, 51.91491089848109], [4.538062482481919, 51.91489996293612], [4.5379881629081105, 51.91489157034765], [4.537959720478643, 51.91488603472809], [4.537860027293248, 51.91486662750046], [4.537741455716311, 51.914834778340015], [4.537654485592785, 51.9148035977196], [4.537588580322334, 51.91477300961403], [4.537519891748487, 51.91473588455925], [4.537439174907262, 51.91468226819845], [4.537371916932043, 51.91462715800724], [4.537315424611674, 51.914561554837995], [4.537266267682664, 51.91449083613363], [4.537229612933819, 51.91441233363437], [4.53719775575489, 51.91433071075214], [4.537179906630223, 51.91425773733358], [4.537165661213252, 51.9141863539852], [4.537160664743615, 51.91412470930975], [4.537171405317028, 51.91409555565409], [4.537185622439309, 51.914036296983156], [4.537204183375232, 51.91395794173479], [4.537217903550788, 51.913914958010736], [4.53726347550778, 51.91374335134533], [4.537265484138995, 51.91373551871899], [4.537312017483319, 51.913554561736156], [4.537503163035654, 51.91321722116098], [4.537621275903987, 51.91302021484744], [4.53765009964463, 51.91297246826486], [4.537724492029961, 51.91284923100855], [4.537821755779556, 51.91269168715674], [4.537914799503445, 51.912532836360114], [4.538306732510422, 51.911893682879736], [4.538332655940638, 51.91189782497147], [4.538437392803959, 51.9119145715924], [4.538599367242282, 51.91194045905214], [4.538827780618819, 51.911976973685334], [4.539203904708058, 51.911705521026725], [4.5392176817523024, 51.911695579951946], [4.539220279561074, 51.911692316002394], [4.539232047754682, 51.91167753530838], [4.539314433074231, 51.91157402193544], [4.539301999885275, 51.910653130088896], [4.539842330747333, 51.90993513202728], [4.539901690808989, 51.90985624332105], [4.540213259776262, 51.90944221143974], [4.540215117498591, 51.90943000917356], [4.5402229792130715, 51.909378389747985], [4.5402236457404905, 51.909361531747486], [4.540206939600628, 51.909277097462514], [4.54018908511651, 51.90923740065048], [4.540166133812593, 51.90919901544043], [4.540138447326432, 51.909161261292134], [4.540129278616058, 51.9091495998471], [4.54011497171282, 51.90913142054891], [4.540084933980055, 51.90909967188456], [4.541446787290063, 51.907177745640645], [4.541574043204051, 51.906998140452984], [4.541676635316433, 51.90685335086003], [4.541677368602639, 51.90685230175635], [4.541820694755856, 51.90664716974623], [4.541971643551916, 51.90643700203282], [4.542136350966031, 51.90620453312675], [4.543172630203294, 51.9063682508453], [4.543262232659437, 51.90638241273849], [4.543351932249569, 51.90624821676685], [4.543388850459142, 51.90622003236794], [4.544001294809861, 51.90627231590228], [4.544015753680032, 51.906243700651196], [4.544379516489115, 51.90631404641754], [4.544409032697643, 51.90631787135469], [4.544745715245753, 51.906361487316325], [4.544880089728088, 51.906378898932964], [4.545672335858109, 51.90648147648341], [4.545815738203033, 51.90649875386006], [4.545833502283931, 51.90650156854166], [4.5458510394921054, 51.90650485799878], [4.545868349996302, 51.90650861324411], [4.545885376011908, 51.90651281588708], [4.545946618952427, 51.90652894815687], [4.5461234099973815, 51.9065248640967], [4.546130592104013, 51.906524699720876], [4.546130703938086, 51.906526489271265], [4.546133826113076, 51.90657786402245], [4.546188043754531, 51.906594332448144], [4.5462418299600325, 51.90661133708598], [4.546267035735928, 51.90661953520051], [4.546284179893505, 51.906625194798785], [4.54628816610649, 51.906626517667505], [4.546292137789299, 51.90662784043235], [4.546406550465248, 51.90666443329211], [4.546466588217868, 51.90668363979764], [4.546472599136285, 51.90668548948696], [4.5464785955246665, 51.906687339071944], [4.546559042738707, 51.906712453151165], [4.546639073437147, 51.906738085543076], [4.5468718643241095, 51.90681532573344], [4.547233280163809, 51.90694640943753], [4.547279721145427, 51.906963792603406], [4.5473256735816765, 51.90698165765205], [4.547371137473125, 51.9070000045842], [4.547416084095377, 51.90701881521791], [4.547460527811941, 51.90703809864513], [4.547504425199305, 51.90705784556735], [4.547547776426008, 51.907078046998166], [4.547548309527848, 51.90707829349812], [4.5475694077515, 51.90708857435429], [4.547589813639447, 51.90709935363187], [4.547609527191645, 51.90711063133135], [4.547628505319777, 51.90712238017938], [4.547646719130667, 51.90713459098134], [4.54766412570348, 51.90714722747658], [4.547680725037864, 51.90716028966552], [4.54769645968246, 51.907173741183534], [4.547507308816424, 51.907290080106456], [4.5474964417186206, 51.907299233923474], [4.547486497196413, 51.90730878982778], [4.547477534212734, 51.90731870329721], [4.5474695534398, 51.90732893838177], [4.547462613840878, 51.90733945055933], [4.547456715920476, 51.90735021286748], [4.547451904110917, 51.9073611806801], [4.54744817942103, 51.90737230007235], [4.547445571416491, 51.907383544289395], [4.547444080938233, 51.907394868393645], [4.547443723357166, 51.907406227551604], [4.547437682952801, 51.90747750073671], [4.54743708411906, 51.90748466045167], [4.547444722153486, 51.907568210965735], [4.547461462914812, 51.90764992984543], [4.547470292650158, 51.90769303973652], [4.5475002007545875, 51.907822178081084], [4.5475148046896585, 51.90788526610985], [4.547543717234274, 51.90797280664363], [4.547425805010115, 51.90799338499585], [4.547396979119116, 51.907985988251205], [4.5474013535833775, 51.907997650851705], [4.5475144150774565, 51.9081589061496], [4.547592775882376, 51.90827175224008], [4.547594856203683, 51.90827475133466], [4.547636231574879, 51.90834788202844], [4.5476875485485095, 51.9084365262322], [4.547697793985748, 51.90845054980222], [4.547720892461456, 51.90848215709382], [4.547742420317513, 51.90851849021387], [4.547759717025207, 51.90854715274667], [4.54779387244539, 51.908550902065905], [4.547797860793456, 51.90855134400561], [4.5479677091638155, 51.908570020900086], [4.548074424280382, 51.90885652374561], [4.548151563407672, 51.909071526206745], [4.5481868791578925, 51.90917194808408], [4.548227912518362, 51.90927517025528], [4.548262092022593, 51.90937497277131], [4.548274058201968, 51.90940739043458], [4.548308309974765, 51.909500218225006], [4.548342444796981, 51.90959309011303], [4.548639583017814, 51.91040149150284], [4.549964722846885, 51.914006366575855], [4.550101344001879, 51.91437801477418], [4.55015293022874, 51.91451834485911], [4.550172450107077, 51.91457142717984], [4.55026306304415, 51.914817885792246], [4.550571858021755, 51.91494217572942], [4.55091767920784, 51.91508736611419], [4.550963218457263, 51.91510686272273], [4.551086410815909, 51.91515962111121], [4.551419147104389, 51.91530593947422], [4.551586513807625, 51.915382112111836], [4.551824977829034, 51.915494780133024], [4.551848433331664, 51.91550596682987], [4.5521667561105446, 51.915656162704934], [4.552224817981075, 51.91568547347615], [4.552590421546412, 51.91586100132787], [4.5527295985912195, 51.915928289250985], [4.55308025568302, 51.91611285104921], [4.553140571161617, 51.91614454136978], [4.553279050579056, 51.9162173966816], [4.553411559190262, 51.91628696459236], [4.553441357187691, 51.91630419138013], [4.553553652408157, 51.916367215920175], [4.553645165354239, 51.91641830892279], [4.55377277229337, 51.91649437647267], [4.553940124392781, 51.91658980840044], [4.553984229745546, 51.91661231387449], [4.553996252230676, 51.91661772033092], [4.553971164707588, 51.91649463123633], [4.553956393035188, 51.916418805847776], [4.553935662233733, 51.916315531717366], [4.554256700383049, 51.91650496778872], [4.55402996832626, 51.91481401779363], [4.554028883024857, 51.914805920280216], [4.554025332865287, 51.914779468368614], [4.554068742311404, 51.91477905670293], [4.554345452414503, 51.91477641380158], [4.554565638281993, 51.914774403901795], [4.554770292857254, 51.91477281402489], [4.554984281511268, 51.914770301065886], [4.55519263547811, 51.91476830516603], [4.555401062094398, 51.91476630941036], [4.555610448217912, 51.91476430209037], [4.555820633816736, 51.91476229105844], [4.556031110229241, 51.914760272716464], [4.556171776624816, 51.914758929409686], [4.556173951449377, 51.91475922342218], [4.556240775665081, 51.91476830662017], [4.556242355959633, 51.91476852452252], [4.556496299922115, 51.91480303681316], [4.556514121805469, 51.91455690834122], [4.5565142412457265, 51.9145551653775], [4.556519978305262, 51.91447600648529], [4.556522440006238, 51.914441920753845], [4.556525620408889, 51.91439805140676], [4.55653012824547, 51.91433584550301], [4.5565346208714805, 51.91427367544597], [4.556539109163934, 51.914211739063674], [4.556543636314475, 51.9141492726222], [4.55654809086187, 51.914087587683824], [4.556550470622703, 51.9140547867552], [4.5565562018298005, 51.9139665042876], [4.556574207777228, 51.91368915933482], [4.55657957210722, 51.91360656411688], [4.556580775566903, 51.913600433333855], [4.556614806311852, 51.91342800072976], [4.556618231381683, 51.91338189491621], [4.556641282124071, 51.91307142624397], [4.556665592523493, 51.91278635952046], [4.556688568654659, 51.91245944995911], [4.556710249516714, 51.91219079598214], [4.556716866159848, 51.9121157537981], [4.556727848941248, 51.911991173355375], [4.556729490141031, 51.91197000756608], [4.556733265009351, 51.91192147726132], [4.5567519811460855, 51.91164334621743], [4.556772493347813, 51.91140167729007], [4.55677880778486, 51.91131716532916], [4.556785266685663, 51.91123427234949], [4.556790641624324, 51.911165205299504], [4.556791932009117, 51.91114178091281], [4.556790828086764, 51.911045009951735], [4.556791068741694, 51.911039852146615], [4.556790618262211, 51.91102726481097], [4.556781521965507, 51.91090211409084], [4.556789858825977, 51.91081354452692], [4.556812765744779, 51.91054133114757], [4.556820723148395, 51.91046385093457], [4.556828767615126, 51.91038559021831], [4.5564955242409395, 51.91043200919545], [4.556488500973368, 51.910432984310454], [4.556055459298506, 51.91048303970357], [4.55555281104502, 51.91054114069181], [4.555388988611785, 51.910520629797595], [4.555037613315799, 51.9104778934041], [4.554979522061539, 51.91047083083186], [4.554848998287382, 51.91045495021214], [4.554442944956126, 51.91039984323065], [4.554098324933942, 51.9103495204455], [4.553622781855461, 51.9102798601755], [4.553425455782719, 51.91024867326016], [4.553406313064352, 51.910245643225004], [4.553039390143655, 51.91017631895453], [4.552746153738228, 51.9101007297869], [4.552713579938353, 51.91009233699435], [4.5526559751683005, 51.91007712398077], [4.552606011070576, 51.91006056291146], [4.552600462792395, 51.91005880670914], [4.5519599936012085, 51.90985646496161], [4.551916300797846, 51.90984266270718], [4.551914964916779, 51.90983477913076], [4.551914516609119, 51.909834659094685], [4.551885612132227, 51.909826696615795], [4.551868491076322, 51.90978607201172], [4.551789869696434, 51.9097639228708], [4.5517327699125, 51.909773962213265], [4.551727068684984, 51.909774964410396], [4.55145145652394, 51.909687389391436], [4.551444073528702, 51.90968504482306], [4.551354004290217, 51.90965642309817], [4.551218033688928, 51.909613219054464], [4.5510510073495825, 51.90963786545928], [4.550940069305478, 51.9093194525343], [4.551123678457658, 51.90910334820612], [4.551126932390129, 51.909099524173584], [4.551175623889421, 51.90904222576067], [4.551162869954103, 51.90903876436034], [4.551171443166556, 51.90902712201557], [4.550665711368051, 51.90884931691369], [4.550640869598571, 51.90883238533549], [4.550626362309291, 51.908802889148035], [4.550594967346827, 51.90868128259515], [4.5505674127003335, 51.908593060376475], [4.550538472090372, 51.9085027878594], [4.550499003722994, 51.90839253949077], [4.550465538018507, 51.9083072504562], [4.550456880264955, 51.90828518455647], [4.550427055514933, 51.90820885616679], [4.550381952999214, 51.90808433857542], [4.55036141814376, 51.908021891870945], [4.550340111332161, 51.907960320562154], [4.550294193135642, 51.90783826901824], [4.550279868645264, 51.907795084304055], [4.55025960024223, 51.90773395182313], [4.5502166262416175, 51.907616145876176], [4.550198651390548, 51.90756686780955], [4.550176700062495, 51.90750325144639], [4.550140009499289, 51.9073968878384], [4.550063560892233, 51.90718814770865], [4.54999725865851, 51.906999587440936], [4.549928153551831, 51.90680783416973], [4.549901701739875, 51.906728410554656], [4.549870997651286, 51.90663698372351], [4.549238886915914, 51.90488205091536], [4.5541017660329, 51.905627975436445], [4.554733515861623, 51.90564557148334], [4.55508804246069, 51.90564634509621], [4.555102698549767, 51.90564514541111], [4.56291176111667, 51.90500651664341], [4.566793535235905, 51.904628636050205], [4.566827032765364, 51.90462535512516], [4.567379180999703, 51.9045712640147], [4.569463546800037, 51.90435072018997], [4.571346820664413, 51.904101194457716], [4.572922729539052, 51.90385177622886], [4.576329070816528, 51.90303147074023], [4.576031877780959, 51.90178107410354], [4.576021046893985, 51.90173548074372], [4.575977654811182, 51.90155289109005], [4.575953925752061, 51.90145307894338], [4.575952453703251, 51.901446884579876], [4.5759062397730315, 51.901252410371974], [4.575924262694598, 51.901120113494635], [4.576008506745141, 51.900502030831085], [4.576021077132389, 51.90039405563956], [4.57602435583169, 51.90035730556954], [4.576082775855765, 51.899773902785476], [4.576104845086238, 51.8997708010859], [4.576109372203319, 51.899752630231696], [4.576113319600261, 51.89973679243597], [4.576108517840714, 51.899736363819066], [4.5760692640828085, 51.89973034933467], [4.576070444646592, 51.8997220968806], [4.576075067887619, 51.89968974255476], [4.576077929897323, 51.899669636640375], [4.576093333871676, 51.89956162704154], [4.576106174923048, 51.899481302874456], [4.576100101779553, 51.89943296481595], [4.576108137882138, 51.89942888544451], [4.576108324736727, 51.899420140748006], [4.576108542566846, 51.8994096794273], [4.57609875992737, 51.899405063689215], [4.576096174755206, 51.899373594470454], [4.576086570563316, 51.89925682820567], [4.57606431158105, 51.89919316067874], [4.576061056580494, 51.89918592930808], [4.576045927724288, 51.899151479218965], [4.5760229954419485, 51.89910419340268], [4.575997090819378, 51.89904287372822], [4.575989591287903, 51.899026076140096], [4.575970810963864, 51.899019250054614], [4.575946431318009, 51.89895554110135], [4.575956524611059, 51.89895420849354], [4.575953266077745, 51.89894475691978], [4.575936242035282, 51.8988953547047], [4.57592086764147, 51.89884955033885], [4.575904099432664, 51.89880127346433], [4.575886884200583, 51.89875200475146], [4.57588794734421, 51.898751868267084], [4.575884397589373, 51.898744868584274], [4.5758699862581445, 51.89870206407526], [4.575863189988575, 51.898683338768514], [4.575852655038793, 51.89865278556732], [4.575836085733052, 51.898603961745195], [4.575818513313624, 51.89855597593322], [4.57580128044771, 51.89850366891821], [4.575785803561522, 51.89845711776488], [4.575764872214263, 51.898398007781076], [4.575745294080363, 51.898341208224906], [4.5757446987624855, 51.89833555025408], [4.575727842348332, 51.898290571576005], [4.575712324156811, 51.898245512242234], [4.575695616797503, 51.89819871887891], [4.575673526789348, 51.89815310183903], [4.575650968852213, 51.898107652349914], [4.575600064005165, 51.898057351114446], [4.57540818248044, 51.898082462419254], [4.5753851076412495, 51.898001279405285], [4.575337484059096, 51.89783284483099], [4.575263269108903, 51.897588119703386], [4.575136627508765, 51.89718198276665], [4.575042976512761, 51.89690336185967], [4.574926680740352, 51.896552072957746], [4.574683392032124, 51.895753520816584], [4.574587874027796, 51.8953614586655], [4.574356131910634, 51.89466907858059], [4.574350774736767, 51.89465279005323], [4.57428898391426, 51.89446477857287], [4.5740090584053075, 51.89360300581024], [4.573955513361684, 51.89345967983807], [4.573934699107858, 51.89340399494626], [4.5739321218771005, 51.89339708281841], [4.573923131278046, 51.89332626188931], [4.573919057729716, 51.89331131253675], [4.573843398193466, 51.893123995847645], [4.573780639856203, 51.89296641295365], [4.573742942596671, 51.89288834631635], [4.5736524378339025, 51.8926937538351], [4.5736042223769795, 51.89255628919661], [4.573593886916211, 51.89252852361346], [4.573550775538822, 51.89238438871893], [4.573489889386663, 51.89218286402555], [4.573450722151103, 51.89204800571209], [4.573449135436591, 51.892020884919184], [4.573448958128621, 51.89200740069513], [4.57344889499712, 51.89200286098254], [4.5734481908600175, 51.891949445464135], [4.573444107051207, 51.89188771001937], [4.573437865603629, 51.89183361798463], [4.5734293680656375, 51.891778962027395], [4.573415518930011, 51.89172541059335], [4.573415371994484, 51.891724699471844], [4.573407182632694, 51.8916851286247], [4.5734069689235, 51.891684093449285], [4.573393892354673, 51.89164645729552], [4.5733938508917, 51.891646340155994], [4.573379782802481, 51.89160810388637], [4.5733661430779575, 51.8915710840493], [4.573366018689464, 51.89157073263045], [4.573350800725579, 51.89153342321958], [4.5733326174271, 51.8914962101349], [4.573332505287672, 51.89149598464211], [4.573314587923204, 51.891459330692186], [4.573314293618451, 51.89145873540333], [4.573310872752065, 51.89145108933732], [4.5732975378013885, 51.89142131646472], [4.573276558179948, 51.891384497493696], [4.5732762193233265, 51.891383955828275], [4.573250040348175, 51.89134143800337], [4.573245029975113, 51.89133332251071], [4.573244804234001, 51.891332952412704], [4.573212015193559, 51.89127438899777], [4.573211860454419, 51.891274109277866], [4.573191132509341, 51.89123784034074], [4.573167071189205, 51.89120113484451], [4.573146305593572, 51.89116454204594], [4.5731461510179, 51.89116425333847], [4.573124633077802, 51.89112508456864], [4.573102969889944, 51.891093941667904], [4.573089438905137, 51.89107099879766], [4.573078212546383, 51.891049950513285], [4.573062865016357, 51.89100858627403], [4.573058404832118, 51.89099656451201], [4.573044172432749, 51.89095619674386], [4.5730440692448475, 51.89095547693616], [4.573038836646857, 51.89091791302356], [4.5730387729681, 51.890917418206044], [4.573030603903023, 51.890879159810815], [4.57302957024415, 51.89083996206748], [4.573029529759103, 51.89083979100253], [4.573016304559892, 51.89077829784824], [4.573016279901971, 51.89077805498346], [4.573010757372799, 51.890723608344736], [4.5729996800218125, 51.89068550958185], [4.572999544529971, 51.890684969323715], [4.57299035554863, 51.890647683626476], [4.572990206996133, 51.89064706237988], [4.5729823104675, 51.89060980360864], [4.572982042901706, 51.89060853435384], [4.572972680296198, 51.8905712114978], [4.572972423025805, 51.89057017601964], [4.5729696680125915, 51.890562669382696], [4.572958799449627, 51.89053310230539], [4.5729585777826856, 51.89053250751849], [4.5729407222972105, 51.890495683145865], [4.5729405120642115, 51.89049525922262], [4.572919841323667, 51.89045586256973], [4.57291972886332, 51.89045565505158], [4.572911307166162, 51.890441790138006], [4.572875943173586, 51.89038348743161], [4.572847697954256, 51.89033398897788], [4.572847656005681, 51.8903338988007], [4.572817394960179, 51.890275388721726], [4.572817100344316, 51.89027481140643], [4.5728018547077, 51.890237474754244], [4.572801799536023, 51.89023731257605], [4.5727837272296, 51.89020044173135], [4.572783587184702, 51.89020015312405], [4.5727655184886755, 51.89016308455044], [4.5727515282901114, 51.89012541501673], [4.572751473118857, 51.89012525283863], [4.572739180608119, 51.890087693937446], [4.572739139148273, 51.890087576797555], [4.572723835538417, 51.890050239731856], [4.572723696470847, 51.89004989719916], [4.57270882389378, 51.88998876112368], [4.572697596066486, 51.889934931114006], [4.572688147458839, 51.889896762698825], [4.572688120198927, 51.88989666363469], [4.572681383219837, 51.88985796569357], [4.572674699469675, 51.88981953778047], [4.572667989936041, 51.889780929914814], [4.572667934928174, 51.88978075874908], [4.572658368874038, 51.88974266142617], [4.5726583150055236, 51.88974242734754], [4.572648879042814, 51.88970436687941], [4.572640726189433, 51.8896660456388], [4.572640604741838, 51.88966553244349], [4.572631248798076, 51.88962786802894], [4.572631096835286, 51.88962743552009], [4.572617551006339, 51.88959011061367], [4.572617495836055, 51.889589948435535], [4.572603706358826, 51.889552442065884], [4.5726036376401895, 51.88955222586171], [4.572589621697357, 51.88951198536577], [4.572589483283715, 51.88951160688285], [4.572553133018579, 51.88941638975659], [4.57251020919404, 51.889319185518204], [4.572457541126904, 51.88921138801106], [4.572434353214716, 51.889161043595145], [4.572427476240418, 51.88914612868263], [4.572373195831279, 51.889007075344026], [4.572353935276057, 51.88895405253606], [4.572330455066477, 51.88888938711927], [4.572313256061412, 51.88884205044108], [4.572308648892764, 51.88882934448665], [4.572295676189577, 51.88879489089336], [4.572277825431229, 51.88874745081627], [4.572259974058764, 51.88870004668652], [4.5722501200097945, 51.88867386630146], [4.5722425884943485, 51.88865259184974], [4.572215157215854, 51.888575108142106], [4.572199859225953, 51.88853190143121], [4.572195247337753, 51.88851785612669], [4.572152519601177, 51.888387475910484], [4.5721380098822335, 51.888386548372246], [4.572120638870703, 51.888337502620075], [4.572104912449693, 51.88829309743094], [4.572006092902546, 51.88800674338359], [4.572012517138316, 51.88800574523809], [4.5720015919596255, 51.887978568647554], [4.571986630090479, 51.88794088327738], [4.571975341399154, 51.88791052217398], [4.571963444181307, 51.88786564913408], [4.571944898484443, 51.88778926964308], [4.571931305231722, 51.887739396126086], [4.571915552774587, 51.88767962009604], [4.57189755678155, 51.8875737256074], [4.571883662525402, 51.88751241640451], [4.571876812338051, 51.88746800081741], [4.57186436615739, 51.88740614435484], [4.5718584115189564, 51.88736922253996], [4.571845623168128, 51.88731823100635], [4.571829518518249, 51.88724905036596], [4.571811602265834, 51.887173232507195], [4.571796004506798, 51.88711215416948], [4.571786672951749, 51.88707401343596], [4.571776395909413, 51.88704315595789], [4.571733542840308, 51.886901404005286], [4.571715213328255, 51.8868427875805], [4.571696933734391, 51.88678782988818], [4.571689213447104, 51.88676498106454], [4.57166570717436, 51.88670987924953], [4.571651493111454, 51.88667264844612], [4.571629468940688, 51.886626338836855], [4.571578787600978, 51.88652862198996], [4.571506835260073, 51.88637669994776], [4.571486849198536, 51.886333352823044], [4.571439610221724, 51.88623086001835], [4.571429668277519, 51.88621037780113], [4.571422527166697, 51.88619564977863], [4.571363059228292, 51.886061836508645], [4.571284695604518, 51.88589267451938], [4.571220037152853, 51.885753566778945], [4.571084278107872, 51.885446192194166], [4.5710368463194, 51.88533521256689], [4.571001249809731, 51.88525884051386], [4.570991335674893, 51.885258466072756], [4.570977854546748, 51.8852225167267], [4.5709300109953475, 51.885072613301475], [4.57090876470357, 51.88499791386048], [4.570908628436097, 51.88499741853809], [4.570904832702629, 51.88498406200436], [4.570862567480214, 51.88484536118647], [4.5708127548868305, 51.88467993859054], [4.570803525435028, 51.8846346345827], [4.570788525409622, 51.8845551335992], [4.570778905534065, 51.884543354574106], [4.570767095317513, 51.88442895479752], [4.570747435197943, 51.88433171378524], [4.570738513583165, 51.88427985917427], [4.570733213620324, 51.88425495074794], [4.570728803525198, 51.88423223274524], [4.5707192987495, 51.88419970868787], [4.570708943790748, 51.88416601019935], [4.570693963830173, 51.884123839237404], [4.57066981034924, 51.88407651697909], [4.570632894772947, 51.88399448175795], [4.570626190962026, 51.88398130276374], [4.5705861045921035, 51.88390111514309], [4.570481666997429, 51.88370920086477], [4.570470931841503, 51.88368926134793], [4.5704708755435695, 51.88368916208157], [4.570468739642588, 51.8836852012214], [4.570444668618614, 51.883658966879594], [4.570444179233427, 51.88365792079506], [4.570432922729129, 51.88363389680049], [4.570422151030823, 51.88360317063219], [4.570402618055263, 51.88353499076421], [4.5703932399577045, 51.88349951028468], [4.5703839352834486, 51.883451985508756], [4.570329618661133, 51.8831236118696], [4.570311272343127, 51.88304609201648], [4.570278140436948, 51.8829429416178], [4.570227580778308, 51.88279569756331], [4.570213854764936, 51.882755710494166], [4.57018609013935, 51.88268495654461], [4.5701523827168975, 51.88259753225942], [4.570117791031804, 51.88250282099983], [4.570077090448246, 51.88234460730866], [4.570057718579278, 51.88225161977263], [4.569971261827543, 51.88183455604489], [4.56994822530185, 51.8817234488247], [4.569933255585995, 51.88165121072895], [4.569875066743935, 51.88139238209051], [4.569838031092012, 51.88124839584671], [4.569817468837182, 51.881173017754165], [4.569795234001601, 51.881109762723526], [4.569792468314617, 51.88110210312763], [4.569792053543196, 51.881100949694506], [4.5697016727578115, 51.88084736219424], [4.5695896016011925, 51.88054060859619], [4.569524499870581, 51.880350674700516], [4.569417556317531, 51.8800416195089], [4.5694173766787065, 51.880041114893885], [4.5694143796014925, 51.880032608742404], [4.569396911849187, 51.879978824880176], [4.569349530966375, 51.87979447026316], [4.56934946227733, 51.87979425405722], [4.569349299939212, 51.87979359675508], [4.569349083270698, 51.87979273233555], [4.5693330590788825, 51.87973065297575], [4.569332896087908, 51.879730031623716], [4.569332475477005, 51.879728401748515], [4.569332285729158, 51.879727654368864], [4.569319457444981, 51.87967752520366], [4.569276816769072, 51.879496897867696], [4.569275750902724, 51.87949241409484], [4.5692684823667555, 51.879461622276], [4.569268239271659, 51.879460613853716], [4.569264300812056, 51.879443975391276], [4.5692363226456765, 51.87930526533918], [4.569204765062224, 51.87915574396596], [4.569185931466255, 51.879065276790094], [4.569183097581404, 51.879053392027046], [4.569182895277914, 51.879052536695674], [4.56916073496124, 51.8789573273119], [4.569145781947672, 51.87891704390126], [4.569138856088383, 51.8788985689309], [4.5691386343629, 51.87889798312439], [4.569094964735722, 51.87878042201698], [4.569063742941049, 51.878685967509824], [4.569059448503286, 51.87867294000471], [4.568987797412599, 51.878484038773024], [4.568959410951034, 51.87840779703351], [4.568946980403687, 51.87838056472079], [4.568946603359881, 51.878379735138644], [4.568920433983944, 51.87832294232437], [4.569146789394251, 51.878180177824646], [4.569135795843764, 51.87816896435247], [4.569115601810953, 51.87815016332954], [4.569111923214993, 51.8781479990229], [4.569038983187198, 51.87810510917074], [4.568912379701255, 51.878051859887705], [4.5677380104982594, 51.87817681873565], [4.567444260751626, 51.87820807350173], [4.5672604664066405, 51.878216993707284], [4.566667815222141, 51.87824573866429], [4.566495565583005, 51.878254711298915], [4.566176951968612, 51.87824529532249], [4.565506441507831, 51.8782596659843], [4.5654483132238655, 51.87826159667655], [4.565434150251463, 51.878263340340226], [4.565323277254101, 51.87827699198118], [4.565247625645489, 51.878276193331686], [4.565193789721607, 51.878281659497574], [4.565138595958542, 51.878289902632375], [4.564991834915854, 51.878317909567116], [4.564917649212579, 51.87832431190148], [4.564853679402426, 51.87832799917092], [4.56477071608432, 51.87832993555132], [4.564618009861772, 51.87832563107149], [4.564489944072963, 51.87832401568864], [4.564200495976082, 51.87830014693664], [4.563990942742045, 51.87828330888512], [4.563945823922024, 51.87828065583203], [4.563845527559448, 51.8782853465365], [4.563798907267782, 51.878285379513265], [4.563647590469132, 51.87827658916237], [4.563599645165528, 51.878277601531224], [4.563563008458601, 51.87827968187644], [4.563375752297894, 51.878290414434815], [4.563047046003575, 51.8783007842114], [4.562824510521334, 51.87830290905336], [4.562706450021184, 51.87829423387043], [4.562625809330399, 51.87828830195379], [4.5624151649718, 51.87829140830444], [4.562182528999884, 51.878297865509815], [4.562143311318383, 51.878298129560946], [4.562109933510369, 51.878296726742086], [4.5619028283074075, 51.87828107066962], [4.5617352361549495, 51.878256972701315], [4.561590908078593, 51.878231419936164], [4.561526226734761, 51.87821847133144], [4.561456971158043, 51.87820153553559], [4.561401075290933, 51.87818469355811], [4.561382075330818, 51.87817539161354], [4.56135249816834, 51.87815920192861], [4.561309030976726, 51.87813541807776], [4.5611850019847555, 51.87808798515583], [4.560905088674077, 51.877995861244074], [4.560708188451534, 51.877938657169345], [4.560538950135634, 51.877877782171936], [4.560505724602709, 51.87786811037304], [4.560504944582619, 51.877867880169845], [4.560334839825051, 51.877817830146206], [4.5603310453458, 51.877816464138746], [4.560190937554032, 51.87776606762113], [4.560048882436002, 51.87771496510033], [4.559809606663734, 51.8776245626843], [4.559702541877124, 51.87759459574646], [4.559684436763862, 51.87758957843685], [4.559678266960077, 51.87758786310914], [4.559631665771775, 51.87757899579991], [4.559538389585309, 51.87754948542379], [4.559097909374204, 51.877399328376555], [4.558893085903163, 51.87732309943419], [4.55888734505418, 51.87732096461816], [4.558838995780501, 51.877302943174406], [4.558714687591596, 51.877245690085864], [4.55869683055941, 51.877237465422944], [4.558687786952788, 51.877233293852846], [4.558660899442396, 51.877222551625074], [4.558533814192561, 51.877171804556596], [4.558515765591354, 51.87716452232761], [4.558296674721009, 51.877076110942895], [4.558265971781614, 51.87706357993525], [4.558175809401426, 51.87703858475893], [4.558120530115437, 51.877019947852375], [4.558117629610422, 51.877018938639395], [4.5581129252417, 51.877017305472904], [4.557981016266122, 51.87697146755264], [4.557846234846156, 51.87691917331159], [4.557779548366957, 51.87688831203687], [4.557752011549325, 51.87687421223261], [4.5576111495204765, 51.87679413570318], [4.557409653516527, 51.87668501999031], [4.55732156661343, 51.8766373243655], [4.557320027466481, 51.876636522494465], [4.556994057048364, 51.87646530522767], [4.556781554136903, 51.8763491983592], [4.556670871267842, 51.87627947310558], [4.556633686717402, 51.8762593723269], [4.5566316161342115, 51.87625825208731], [4.556572005292073, 51.87622338619841], [4.556526650972264, 51.87620294001711], [4.556504316833467, 51.8761989170498], [4.556251766386188, 51.87609836426317], [4.556190793563483, 51.87607593789275], [4.556174695701651, 51.87607001739014], [4.556023390274522, 51.87601783789067], [4.555870508624643, 51.875962168418994], [4.5556829541488835, 51.875895925465485], [4.555682001932485, 51.875895586147905], [4.555571453293492, 51.875858040316416], [4.555525595109833, 51.87583975645105], [4.555398169847515, 51.87578894956939], [4.555039066425193, 51.87564555498177], [4.5548732088809745, 51.87555979703035], [4.55481225925855, 51.87553383753376], [4.554811294032343, 51.875533417218506], [4.554806208859288, 51.875531187965684], [4.554684246629746, 51.875506234524586], [4.5545826165448595, 51.87548124520167], [4.554225004654425, 51.87538307180365], [4.554188628432013, 51.875377456756915], [4.554143766195737, 51.87537054111746], [4.554071081095535, 51.875350969923765], [4.553748517548541, 51.87525807713232], [4.553475988019596, 51.875183812365584], [4.5534692835302915, 51.87518198504879], [4.5533881504068106, 51.875159881611694], [4.553298118450563, 51.87514387224913], [4.553296572431907, 51.87514344780087], [4.553142077355798, 51.87510073396245], [4.553065501626552, 51.87507957049594], [4.552824362026304, 51.87502069088739], [4.552812840960207, 51.87501704059019], [4.552792917392927, 51.87501072392145], [4.552643952550394, 51.874963509378695], [4.552560071455036, 51.87493692745289], [4.552548175071277, 51.874933157611224], [4.552513329343016, 51.874917090053856], [4.552502310187731, 51.87491300284332], [4.552239825169504, 51.87481574147097], [4.552219532072439, 51.874808217591614], [4.552118362922003, 51.87475620033876], [4.552108638803236, 51.874751196454106], [4.5520943833423, 51.874743868254974], [4.552033272894886, 51.87471889490187], [4.55193742247888, 51.87469565217495], [4.551912712522199, 51.87469059571572], [4.551815464136141, 51.87467069574157], [4.5517109586017, 51.87465997550537], [4.551635496872917, 51.87464928186499], [4.551493278947359, 51.874643956232724], [4.551325342057805, 51.87464724748265], [4.551304713179731, 51.87464764909576], [4.551243941243783, 51.87465138766771], [4.551209004602882, 51.874653539181516], [4.551100443770239, 51.874660218663855], [4.550994224392819, 51.874662024845925], [4.550991540158102, 51.87466189788576], [4.550948026656943, 51.87465670745125], [4.550910145726554, 51.87464771889633], [4.550796855239723, 51.87461742984188], [4.550756638598928, 51.874609880787446], [4.550730141003125, 51.87460491023231], [4.550541427330303, 51.874585320058046], [4.550514192048092, 51.874581755430555], [4.550500719192976, 51.874579996616696], [4.5504020107646355, 51.87456212550752], [4.550353654105695, 51.87455421274772], [4.550301655234586, 51.874534435904145], [4.550271171721353, 51.874522812185376], [4.550213322493314, 51.8745021487071], [4.550201348831512, 51.874497865717615], [4.550137829813208, 51.87447675733566], [4.55009382404933, 51.87446213391873], [4.5500886791209405, 51.87446079391465], [4.549786034922831, 51.87438767227968], [4.549675726826653, 51.87435326856895], [4.549275433906073, 51.87420861872588], [4.549253854319793, 51.874200815493424], [4.549383690218569, 51.87402715325783], [4.549029222221617, 51.87398906677694], [4.548931652575693, 51.873979544061825], [4.548803511732675, 51.87396704367512], [4.548776415720969, 51.87396226615792], [4.548701342149826, 51.873947204871115], [4.548583273441283, 51.873917113275674], [4.548405319091533, 51.87387442349953], [4.548389515456472, 51.87387073321222], [4.548349899442552, 51.87386451794], [4.548284480772003, 51.87385426233862], [4.548222709986981, 51.87384385296395], [4.548190270611297, 51.87383670909307], [4.548185400514737, 51.87383543388741], [4.548117536118962, 51.873817718079906], [4.548112451972346, 51.87381546157341], [4.548050278262745, 51.87378694596292], [4.5480470673006685, 51.87378547585595], [4.548034778060209, 51.873779446579036], [4.547989381573098, 51.87375381024882], [4.547986214067829, 51.87375156742117], [4.547966391966805, 51.873737538330715], [4.547926706727769, 51.87370545290258], [4.54792385782866, 51.87370325729167], [4.547863700742498, 51.87365694933684], [4.547861109519981, 51.873654953316105], [4.54783850926088, 51.87363805494194], [4.54780951828971, 51.87361888172374], [4.547748973062411, 51.87358483154073], [4.547671131167757, 51.873546181403825], [4.547611692269633, 51.87352056147463], [4.547478895414067, 51.87346660636693], [4.547427245900296, 51.873446138591966], [4.547395570876616, 51.873434631441995], [4.547380819350241, 51.87342982494386], [4.547305161831734, 51.873398659786496], [4.547214106252179, 51.87336232389056], [4.547122681099148, 51.87332478978142], [4.547031637213524, 51.87328628754319], [4.546938205021554, 51.8732465996254], [4.546922412873552, 51.873239978897004], [4.546848019548316, 51.873208804497295], [4.546834055489406, 51.87320305075493], [4.546833176498941, 51.87320268492167], [4.546782104763906, 51.87318163671979], [4.546712688289475, 51.873153023646964], [4.54660621360989, 51.873110365802376], [4.546537438904447, 51.87308472348952], [4.546407254240407, 51.873030219530754], [4.546396807739263, 51.873025848194224], [4.546393133432463, 51.87302431180515], [4.546318005538766, 51.87299285315514], [4.5462801661841805, 51.87297632184526], [4.546271941459908, 51.87297273043419], [4.5462398347752515, 51.872958712023696], [4.546128866822845, 51.87290710477664], [4.546125958715913, 51.872905753636175], [4.545851298051694, 51.87277989634677], [4.545783986583734, 51.87274905059757], [4.545665109577431, 51.872695669432694], [4.545635775575232, 51.87268249766637], [4.545628071307976, 51.87267903577746], [4.54558279595236, 51.87265870269612], [4.545581269485509, 51.87265801761171], [4.545553058813021, 51.87264534824734], [4.545550841123597, 51.87264435259615], [4.545496361698285, 51.87261456934698], [4.545494119342807, 51.872613339811366], [4.545450433466311, 51.87259265851143], [4.545450044801044, 51.87259247595351], [4.5453511995728855, 51.87254499070302], [4.545347097825538, 51.87254301976006], [4.545340808446843, 51.87253999944467], [4.545096474612999, 51.87242103617119], [4.545091934724474, 51.87241842388054], [4.545090641761983, 51.872417677541506], [4.545081921105759, 51.872412662273256], [4.544939208569602, 51.87231080417647], [4.544780093707217, 51.872302490820424], [4.544539037910691, 51.872302542560426], [4.544519212019967, 51.872300440873374], [4.544516776601082, 51.87230254475061], [4.544474417713277, 51.87230254665505], [4.544306436461749, 51.87230243870766], [4.544250558810823, 51.872302406500644], [4.5442118138561325, 51.87221800314817], [4.54415665254643, 51.87210841247739], [4.544099359782423, 51.872013395185554], [4.544039259547039, 51.87192330151953], [4.543985283533994, 51.87185581974808], [4.543966839425832, 51.87183275988029], [4.543938330080121, 51.8717926813503], [4.543891956625754, 51.87173649268121], [4.543843682147646, 51.871681018437556], [4.543790043332011, 51.8716266472452], [4.543711467219685, 51.87155547690438], [4.543653415117516, 51.87150648518445], [4.543575514933297, 51.87144420944801], [4.543398539338114, 51.87131213502761], [4.543393160136806, 51.87130628070094], [4.542971457681045, 51.87112959005642], [4.542865190459794, 51.87103993712958], [4.542722158238135, 51.870919242526604], [4.542718255772504, 51.870915951577096], [4.54263613344049, 51.87084665161601], [4.5426340892743395, 51.87084492906757], [4.542579183682755, 51.87079861107417], [4.5425411106368, 51.87080708348227], [4.542346343304029, 51.87078921617191], [4.542165479378438, 51.870756293506886], [4.541942567045306, 51.870706933378074], [4.541876163465866, 51.870692226614295], [4.541782272965001, 51.87066973559899], [4.541521397296652, 51.87059677580412], [4.541081889904659, 51.870469621809484], [4.541079795826892, 51.870469013476686], [4.541049972613816, 51.870460385304895], [4.540846139384284, 51.87040119191985], [4.5406731373882785, 51.870353411231235], [4.540475361367605, 51.87029879114282], [4.540473856657637, 51.87029850165102], [4.540320718877831, 51.87026929045563], [4.540290673234236, 51.87026169418927], [4.540061898174026, 51.87020389270568], [4.540014466944095, 51.870191901396076], [4.540011273023411, 51.870191096351974], [4.539996711937244, 51.870186299264084], [4.539988471821293, 51.870183579196116], [4.539987360646478, 51.87018321163633], [4.539973802510944, 51.87017913188579], [4.539972098764353, 51.87017861683342], [4.539911441129253, 51.87016035426977], [4.539737871833527, 51.87010810068695], [4.539662029999185, 51.870082672951035], [4.539448959043097, 51.8700407588507], [4.539407723168548, 51.870032901879554], [4.5392162877376485, 51.869996419804295], [4.539143076275008, 51.86998246238416], [4.5391352536389755, 51.86998148009849], [4.539024013115195, 51.869967499874875], [4.538824922636315, 51.86994274614701], [4.538785217365869, 51.869936895503514], [4.538699725122144, 51.86992429633922], [4.5386155065612686, 51.86991345911246], [4.538538942811013, 51.869904034398765], [4.538416614559148, 51.869888984771045], [4.538342363069983, 51.86988399908715], [4.53827390146793, 51.86988152708065], [4.5382261891363855, 51.86987986109609], [4.538205800913275, 51.86987992954999], [4.538105602710288, 51.86988024840337], [4.538086000590854, 51.86987944161915], [4.537988967554204, 51.86988054728319], [4.537973579673849, 51.86988033722086], [4.5378952751846855, 51.8698792949915], [4.5377475126795375, 51.869874721512346], [4.537695051259028, 51.86987310188586], [4.5376409163859535, 51.86986705666732], [4.5376384531399845, 51.8698667781883], [4.537554845603527, 51.869857436744596], [4.537291260898252, 51.869801661405255], [4.537256576491766, 51.86979446228283], [4.537240189040608, 51.86979105389152], [4.537038601862667, 51.869762503786724], [4.537018676495135, 51.86976036415125], [4.536821958413218, 51.869739264606636], [4.536766933172975, 51.86973732039565], [4.536594703731282, 51.86973122909209], [4.53658075732564, 51.86973081354924], [4.536449748492016, 51.86971106982959], [4.53643435381861, 51.86970891794671], [4.536337707881318, 51.869684955435424], [4.536327083635425, 51.86968239762579], [4.536223284681273, 51.869657376493436], [4.536152125570628, 51.86964323429908], [4.53608179100267, 51.86962925982972], [4.535982084895191, 51.869601283856966], [4.535869285791138, 51.8695753792457], [4.535818077102351, 51.86955975439503], [4.535798529200062, 51.86955378807932], [4.5353564933633415, 51.86941889988205], [4.535351790024991, 51.869409625359516], [4.535351440331339, 51.86940892170259], [4.535343811504148, 51.86939387317723], [4.535318741998522, 51.86934438818659], [4.5352958878812775, 51.86933888590937], [4.535239140740417, 51.869325222448595], [4.535100326263403, 51.869381932841726], [4.535049826284496, 51.86936954873778], [4.535046807868901, 51.86936791786637], [4.534822658323276, 51.86931181160608], [4.534811299089613, 51.86930896967545], [4.534437471399067, 51.86921543548694], [4.534373089606178, 51.869199255984974], [4.53421684985121, 51.86916326375714], [4.534087961031992, 51.86913676422813], [4.5336312171018465, 51.86904288619757], [4.532981240828181, 51.86891370544846], [4.532974196003322, 51.86891230593059], [4.532797238715739, 51.86888315445244], [4.532675956539471, 51.868864492915094], [4.532319571551068, 51.86881628316086], [4.532027100968696, 51.86877671717878], [4.531772998596195, 51.868782715094675], [4.531630245884813, 51.868787509652385], [4.531552498223064, 51.868790125647635], [4.531531302596711, 51.86878991739614], [4.531519144605495, 51.86877564461764], [4.53147205814915, 51.86877702761792], [4.53145161979896, 51.8688034315865], [4.531107852836221, 51.86882554816391], [4.530890181214521, 51.86883842526993], [4.530876913049317, 51.868822984783975], [4.530839152209497, 51.86882417480659], [4.530827784175626, 51.86884165600461], [4.530613555964416, 51.86884831050355], [4.530574346677871, 51.86886762021095], [4.530414117630733, 51.86885758029962], [4.530376352447498, 51.86885975890579], [4.530258826752733, 51.86886654245885], [4.530010300209861, 51.86888088283963], [4.529999069827111, 51.86886596048492], [4.529964349078314, 51.86887067801725], [4.529957902388929, 51.86888819503164], [4.529670275057656, 51.86892526070915], [4.529504315002684, 51.868948508065834], [4.529422460865289, 51.86896924099543], [4.5293404272924604, 51.86899328941199], [4.529305582773178, 51.86900296764441], [4.529189735740671, 51.8690351556391], [4.529110875487465, 51.869058777627075], [4.529036778238243, 51.86907628602903], [4.528902684776718, 51.869111962979865], [4.528795312491891, 51.86913906192218], [4.528692192639665, 51.86913657385779], [4.528539653740927, 51.869132888693535], [4.528448323612271, 51.86913805509083], [4.528254399236013, 51.869155037932444], [4.528235149639103, 51.86913958937823], [4.528199663498141, 51.86914178394526], [4.5281874721080735, 51.86916126337595], [4.528072867420481, 51.869164057114865], [4.52733801600592, 51.86932459757775], [4.527206181329798, 51.86935441947573], [4.527089518341172, 51.86938662642014], [4.527001900977991, 51.86938895145519], [4.526965752615351, 51.869376399228194], [4.526726469032985, 51.86945542959003], [4.526690427830913, 51.86946765110453], [4.526397135215371, 51.869589521319895], [4.526243685109168, 51.86965920182644], [4.526172495298419, 51.86968856794964], [4.526095875507191, 51.86973079312824], [4.526085393050909, 51.86971933654398], [4.526018934526788, 51.8697306068964], [4.5259164879035625, 51.86969666964063], [4.525751188961596, 51.8696479525066], [4.524982334558518, 51.86942617944246], [4.524968168248315, 51.869422093486286], [4.524669826279422, 51.869364731231514], [4.5246519015187, 51.86936128282196], [4.524558480651939, 51.86934366230011], [4.52423928460628, 51.869283467212895], [4.523466742584137, 51.86916148631364], [4.523254489119099, 51.869138496949084], [4.523202718634537, 51.86913347815446], [4.522631461432482, 51.86907809499149], [4.521827047701851, 51.86905088911966], [4.521188585351533, 51.8690532513225], [4.5196867845820945, 51.869052638161605], [4.519510483405742, 51.869052370402535], [4.517576252634184, 51.869049418220804], [4.516845878089557, 51.86904640270243], [4.51578137550507, 51.86904037535273], [4.515754268990636, 51.869040219309724], [4.515558497783959, 51.86903910911115], [4.515492976928338, 51.86903861416902], [4.515380053869007, 51.86903776756974], [4.515334205295391, 51.869037418466505], [4.515239851153573, 51.86903670828414], [4.515234191972146, 51.869036663900296], [4.514918794654977, 51.86903428211439], [4.51432951367215, 51.86902982612564], [4.512733823018583, 51.869021775392284], [4.512614149268865, 51.869021612984355], [4.512484732537334, 51.86902144086263], [4.511677101347294, 51.86902036199511], [4.510320548620957, 51.86901595632636], [4.5101892018768295, 51.869015722330346], [4.509513752223694, 51.86901450925442], [4.5083302815340796, 51.86901237978279], [4.507174485979909, 51.86901028381614], [4.507038942988022, 51.869010041841285], [4.505919119451838, 51.86900694447491], [4.505905587214048, 51.869006905922824], [4.504679974121594, 51.86900350677687], [4.503752172558056, 51.86900092263946], [4.502056845514774, 51.86899796432407], [4.502021707506011, 51.86899789743063], [4.5016915543173415, 51.868997324935044], [4.500645688686028, 51.868993206393306], [4.500299462489137, 51.86899184356191], [4.498306681205309, 51.86898397009665], [4.496455816034209, 51.868971071896716], [4.496219040259258, 51.86896941998029], [4.496121926788962, 51.86896874661165], [4.496144450572946, 51.869022140250856], [4.495484693809309, 51.869016686702246], [4.4954856159439025, 51.86897088661594], [4.494900385977073, 51.86897018402807], [4.494766368433725, 51.86896990349805], [4.494653825796371, 51.86896966006821], [4.49440572667226, 51.8689691250981], [4.4942905994698155, 51.868968878464806], [4.494048162655531, 51.8689683755726], [4.494040554053325, 51.868968371681255], [4.494012337411551, 51.86895757737724], [4.49399593774184, 51.86895130437427], [4.49396455084995, 51.86893929044883], [4.493950716517805, 51.86893398975361], [4.493862478504073, 51.86890023115529], [4.49369823762423, 51.86885860473265], [4.493206280907493, 51.868671877721425], [4.4931115246585565, 51.86863591164357], [4.493089752009542, 51.868628213353865], [4.493040856962114, 51.86861094233664], [4.492966281740357, 51.868584594928286], [4.492926469929509, 51.868575689672994], [4.492888407138782, 51.868567184233655], [4.492778215591176, 51.86853856115581], [4.4926269576531634, 51.8685035309513], [4.492622631947982, 51.86850273397271], [4.492522665070146, 51.868484229013006], [4.492410679139624, 51.86846554256821], [4.492304221668851, 51.86844777901993], [4.49214232471631, 51.86842716616532], [4.492047860314419, 51.86840433413087], [4.4919960841993305, 51.86838740028102], [4.491867093233396, 51.86835861515693], [4.491790958873618, 51.86833186859386], [4.491661905687415, 51.868286525327704], [4.491359340848676, 51.868170240832455], [4.491160229659819, 51.868101531289426], [4.490827767969278, 51.86800286928111], [4.490776976609484, 51.867986841280405], [4.490752034684291, 51.867992493769826], [4.49055427524786, 51.86792671486809], [4.490393184742989, 51.86788325609786], [4.490199426175127, 51.86783097240454], [4.489854862941268, 51.867729194983305], [4.489862430094953, 51.86771379195624], [4.489817765547521, 51.867703653064126], [4.489804088369281, 51.86771963865012], [4.489567072651931, 51.867656614492084], [4.489226917930179, 51.86753779007426], [4.4891762971372415, 51.867515452506524], [4.489149194910701, 51.867503487992124], [4.489134643465967, 51.86748324178245], [4.489139054489383, 51.86747320798679], [4.489116638167622, 51.86746872203599], [4.489089628760149, 51.86746083915174], [4.488937200543715, 51.86741638387223], [4.4887529943949245, 51.86734836838533], [4.488682799148931, 51.86733704509209], [4.488567932883449, 51.86731594188745], [4.488492624254226, 51.8673061973705], [4.488289302082397, 51.86728951407027], [4.488173593908712, 51.86727858839892], [4.488046425197158, 51.867270064836035], [4.488014423866771, 51.86726568511201], [4.487795726965243, 51.867238033775685], [4.487705836699331, 51.86722413217062], [4.487556871004533, 51.86720195796611], [4.487547706484145, 51.86720135746531], [4.487484946382, 51.867197272459386], [4.487357302969572, 51.86719072205907], [4.4873181306301095, 51.86718916366543], [4.487175459508513, 51.86717171137526], [4.4869673082806, 51.86710615238435], [4.486938825740042, 51.867097179053346], [4.486863807832431, 51.86706568270149], [4.4868592058545955, 51.86705620915391], [4.486862916161436, 51.867052192598756], [4.486823298618701, 51.86703660802558], [4.486793051777852, 51.86703889315585], [4.486783845793786, 51.86703456190563], [4.486761132472646, 51.86702389788711], [4.486742490216623, 51.86701513473872], [4.486671934602804, 51.86698196457249], [4.4866259283011125, 51.866962762401464], [4.48660981522552, 51.866956041104366], [4.486600412274533, 51.866952121817015], [4.486486541443929, 51.86690459697336], [4.486451436185661, 51.86689209407683], [4.486426299883598, 51.866885699100806], [4.48639920850327, 51.86687542392804], [4.4862683778949775, 51.86682795763038], [4.486135370725454, 51.866779710443176], [4.4860392662515185, 51.866744842848725], [4.48582454843464, 51.86665645369722], [4.485791718779791, 51.86664271860426], [4.485693346970992, 51.86659567141558], [4.4857088927218545, 51.86658068940466], [4.485665657455304, 51.86656453734947], [4.4856504432779625, 51.86657746345188], [4.485649409234485, 51.866578345415014], [4.485646449375353, 51.86657751371101], [4.485479035144342, 51.86653056585619], [4.485309083914037, 51.86647329706564], [4.484793757415876, 51.866289258284475], [4.484778092992354, 51.86627394683403], [4.484736770014553, 51.86626383164684], [4.484723456544683, 51.866268853049014], [4.484717457909457, 51.866266784489106], [4.484698654446435, 51.86626030293982], [4.484568711847461, 51.866216517975296], [4.484533244553313, 51.86620402070322], [4.484414857504305, 51.8661704817311], [4.484249418542115, 51.86612291805245], [4.484202046198181, 51.86611038313512], [4.484178085651401, 51.8661040416499], [4.484081160332815, 51.86607838868101], [4.484056481989725, 51.86607091804752], [4.483991707359027, 51.866050105396745], [4.4839398007856985, 51.86603199838812], [4.483880704211231, 51.8660104203224], [4.483819136162441, 51.86598900300396], [4.483719816575336, 51.86595751553808], [4.483719268350856, 51.86595734053486], [4.48367211907983, 51.865942389114096], [4.483543632717574, 51.86590571538899], [4.48305068172666, 51.86578372017417], [4.482886019825375, 51.86574820559374], [4.482804149954847, 51.865729184335905], [4.482802386815703, 51.865728775256784], [4.482785882882724, 51.86572493584015], [4.4827046777477655, 51.86570535333032], [4.482611834643143, 51.865678948523495], [4.482605338629005, 51.86567707378021], [4.482283140300467, 51.86558392248468], [4.482148849291707, 51.86554720251376], [4.481760439038398, 51.86544713073863], [4.481703431907272, 51.86543725317528], [4.481701197011503, 51.86543719999848], [4.4815258913606835, 51.86543273348396], [4.481485754590741, 51.86543171042162], [4.481470623484814, 51.86543109042159], [4.481445569622689, 51.86543005236053], [4.481276862677027, 51.86540807749857], [4.481202424043511, 51.86539141354932], [4.481120672285297, 51.86537019873453], [4.481096121901444, 51.86536362734332], [4.481055344695883, 51.865348121738315], [4.480947819851332, 51.86532338217989], [4.480945304034936, 51.86532285940157], [4.4809239627860835, 51.865318434094064], [4.480815303121206, 51.865314000483956], [4.480771603095304, 51.865306652096955], [4.480768378813092, 51.86530526091946], [4.480740655946022, 51.86529328964362], [4.480728562078763, 51.865266589327334], [4.480571683377306, 51.8652773342482], [4.48045944648126, 51.86528110650397], [4.480440397189698, 51.86528183143265], [4.48035112226205, 51.86528525042457], [4.480213720984314, 51.86528050455989], [4.48014993401855, 51.86527926613653], [4.479915758654047, 51.86527469874605], [4.479997434502256, 51.86527083489788], [4.480030182790771, 51.86526686295209], [4.480053108241448, 51.865253197086574], [4.480077766305273, 51.86522920740161], [4.480131465956647, 51.86517696517773], [4.4801344131572165, 51.865174093514035], [4.480135486274058, 51.865172717512976], [4.480188215895797, 51.865105204690344], [4.480210071490325, 51.865065372951804], [4.480211431590618, 51.865046156275994], [4.480211897895454, 51.865039589017826], [4.48021540784929, 51.86500231233596], [4.480217304831927, 51.86495069495965], [4.480218295747084, 51.86492386186872], [4.48021917057051, 51.864867490483746], [4.480220242009699, 51.864798482277315], [4.480223539994056, 51.86473570255858], [4.48022631970834, 51.86468278860908], [4.4802265792007185, 51.86467783774939], [4.480227305095931, 51.86466415331623], [4.480230696704642, 51.864606812580284], [4.480234376647238, 51.8645445301955], [4.480234618748626, 51.864540442132174], [4.480238272026948, 51.86447876179483], [4.480241618995044, 51.86442219375508], [4.480242259359055, 51.86441707504634], [4.480243105259428, 51.864410402851135], [4.480250298921651, 51.864353154380446], [4.480257545352383, 51.86429544788435], [4.480264134352849, 51.864242985808694], [4.480286059242806, 51.86406857335065], [4.480286734425551, 51.864063167266785], [4.480290208304003, 51.86403559827181], [4.480294532854019, 51.8638519891959], [4.480296325792839, 51.86379760243969], [4.480297661619115, 51.86375725275799], [4.480298979303727, 51.86371708271321], [4.48029907411025, 51.86371453959693], [4.480299153675644, 51.86371203231843], [4.4803003872641085, 51.86367459423862], [4.480300481728112, 51.86366774545451], [4.480301123695811, 51.86361859930948], [4.480301646955106, 51.86357822537792], [4.480301738882959, 51.86357150241826], [4.480304739795176, 51.863537862288915], [4.480309199353021, 51.863488035486746], [4.480314022687996, 51.863437447438514], [4.4803179153542265, 51.863397018610755], [4.480321822710419, 51.86335658090724], [4.480327052517554, 51.86330239146105], [4.480327231575965, 51.86330143103454], [4.480333059253261, 51.86327088691105], [4.480348096744735, 51.863187496429966], [4.480350692543459, 51.863166752190104], [4.480351404664824, 51.86315518901946], [4.4803639044319254, 51.862954204622326], [4.480363924562354, 51.86295392612285], [4.480364722450205, 51.86294098831776], [4.4803665672140705, 51.86291140222855], [4.480383462089483, 51.86263999703277], [4.480401267036764, 51.8623536773366], [4.480402877826305, 51.86232777487349], [4.479980593534792, 51.86228199789059], [4.477320243112829, 51.86200194558216], [4.477274781889058, 51.86199716202376], [4.4746572085425, 51.86193749089722], [4.4743923244239205, 51.861896017203975], [4.474350977575905, 51.86188953861051], [4.473924255452435, 51.86182042408499], [4.4734229829379535, 51.86173922249317], [4.47186302371029, 51.86166748420379], [4.471008384233306, 51.861679879681745], [4.468880860642928, 51.8617597756474], [4.468222120311426, 51.86178450437877], [4.467933087795389, 51.8618047156375], [4.467364196370714, 51.861850870836356], [4.466545657139619, 51.861936416296885], [4.465398171333627, 51.86206261239402], [4.465349817538831, 51.86204883960141], [4.465228771301109, 51.862018765870864], [4.465043131535068, 51.86204123747609], [4.464961132664972, 51.86205116482626], [4.4649539865966865, 51.86205202560301], [4.464356558807502, 51.86213012248675], [4.463682303187778, 51.8622306240605], [4.463087756141324, 51.86232374859672], [4.462191566913292, 51.86247585398812], [4.4605881982204165, 51.86283584592198], [4.458050236269107, 51.86344727291972], [4.453533331142701, 51.8645464041703], [4.4521365107575965, 51.86483732309264], [4.450355311026785, 51.865219328967974], [4.446475541981716, 51.86605130028873], [4.445296329610587, 51.8662314830325], [4.445026258328143, 51.86627275209854], [4.44495906456634, 51.86628301793353], [4.444336725643262, 51.86633294779827], [4.442765864893585, 51.866311522806654], [4.442219802914052, 51.86626218785557], [4.442149621358613, 51.866245722930636], [4.442116208042662, 51.86623788462478], [4.441984771170888, 51.866207056109715], [4.441966233898916, 51.866202709167716], [4.441761344753137, 51.86614829586744], [4.441718073005435, 51.86613464410167], [4.441020338792001, 51.86591014772283], [4.440976617360295, 51.8659386140562], [4.440585035674673, 51.866193567282316], [4.4402409062196035, 51.8664186827665], [4.440240820715005, 51.86641874410082], [4.440105722552068, 51.86650712086408], [4.440092722636747, 51.866515627445914], [4.43904414998448, 51.8672029113839], [4.438211476849397, 51.86761399297512], [4.438142301359736, 51.86761685000474], [4.437897036049522, 51.867715634183654], [4.437579982047156, 51.867843330237655], [4.4375384353708185, 51.867860064359185], [4.437060785526473, 51.868052448382535], [4.437059042740345, 51.86805315340122], [4.437046594916656, 51.868058158433826], [4.437066053609785, 51.86806564174865], [4.437487478860717, 51.868227658135915], [4.43653024911645, 51.86857398965216], [4.434700380152479, 51.869109829571265], [4.434320712296604, 51.869216119027456], [4.433117730296662, 51.86949067559841], [4.432294757480017, 51.869680963765084], [4.431736403943892, 51.86980901984629], [4.430516343852084, 51.86947849366364], [4.430227699323051, 51.86940971502791], [4.430096081855302, 51.86947878336367], [4.430092205291715, 51.869480810244106], [4.429107493466159, 51.869997457974264], [4.4285149482296156, 51.87030320026293], [4.428368758049947, 51.870378584418084], [4.428212361184554, 51.87045923228496], [4.427942554985653, 51.87059168360382], [4.427926911779838, 51.87059936724487], [4.427651532048113, 51.87070030223735], [4.427261141035982, 51.870800710478775], [4.426973069924574, 51.870851849529075], [4.426530577212124, 51.87093376183377], [4.425901974738488, 51.87104582683743], [4.425358297243365, 51.871144596996935], [4.424549154113676, 51.871313316919945], [4.423372416652838, 51.87152457219245], [4.42224308519822, 51.871715962025455], [4.421192784548813, 51.8718944804875], [4.420293137863889, 51.87204722678], [4.4195642034713805, 51.872163358055396], [4.419125561863113, 51.87222973214693], [4.4185547709659065, 51.87231238170739], [4.418148599228925, 51.872375262491744], [4.41761878346857, 51.87242157971667], [4.417189542419313, 51.87244099419705], [4.416946136439963, 51.87245490365007], [4.416445627092999, 51.872455272596575], [4.416116941893145, 51.87244870006465], [4.415823717144216, 51.87243681072621], [4.4156979627597375, 51.872329773710476], [4.415674007021559, 51.87230937753829], [4.415672837816989, 51.87230837908975], [4.415608912788865, 51.87225397093838], [4.415001356021861, 51.87173679287083], [4.41464940660156, 51.87188433631789], [4.414629564703145, 51.87189265759501], [4.414336376243924, 51.87184569909831], [4.413698947174614, 51.871743581483656], [4.413536124277568, 51.87173595793982], [4.413059413792371, 51.87171999704182], [4.4125194250298625, 51.87169506867023], [4.41231390468276, 51.871489998340834], [4.412252898773469, 51.87142911358739], [4.411795859646079, 51.871551515300105], [4.411639878360401, 51.87159473327339], [4.411522844819169, 51.87162715521135], [4.411501005637744, 51.87163320585421], [4.411264438291351, 51.871698744984144], [4.411242676232119, 51.87185244537365], [4.410925448828982, 51.87182734643486], [4.410835280463253, 51.8718202149972], [4.410718907558447, 51.871818133195866], [4.409959703613031, 51.87180457555137], [4.40960620110996, 51.87179826375364], [4.409606574663362, 51.871982881124126], [4.409622721562756, 51.87221213383701], [4.409513353496625, 51.87225051428392], [4.409021049019834, 51.87242325526323], [4.408357560589938, 51.87260995708902], [4.407728671173475, 51.87271265460722], [4.407328464582865, 51.87276813187605], [4.4071870169498615, 51.87278774342147], [4.406901157270907, 51.87279238789151], [4.406227052358755, 51.87280333679366], [4.406235372321328, 51.872824692005324], [4.406300477736454, 51.87299164731222], [4.406348227075459, 51.87311411538087], [4.406349657510926, 51.87311777682101], [4.4057709239771565, 51.87319875189347], [4.4057701283331605, 51.87319661487495], [4.405724648238101, 51.8730753700411], [4.4056368167567515, 51.872841266141364], [4.405636117072061, 51.872839390602], [4.405627265850212, 51.872815774691865], [4.405506542035748, 51.8728199795724], [4.404704986313352, 51.87284787747807], [4.404474670560435, 51.87285589293279], [4.404274922934537, 51.872853278110405], [4.403323140633737, 51.87284719899062], [4.403241398270048, 51.87284385369699], [4.402687955453854, 51.872812870727046], [4.402004081344153, 51.872773168865976], [4.4019667498284845, 51.872771004093735], [4.401917922607533, 51.872765273181834], [4.4013359066404325, 51.87269700988226], [4.401238942605213, 51.87267393963049], [4.400982650134755, 51.87261295605212], [4.400458893265358, 51.8724919630618], [4.400035924509182, 51.87239256105404], [4.399966607241969, 51.87237627496461], [4.399962316422046, 51.87237526810582], [4.3998335352218305, 51.87234499887017], [4.399222862220628, 51.87220004217392], [4.397908856382088, 51.872255286179225], [4.397336773169007, 51.87227933053205], [4.397176997126739, 51.872283071855705], [4.397173451948985, 51.87228315883464], [4.396700603245918, 51.87229424735178], [4.3963294792016, 51.87232176082865], [4.39598308117697, 51.87233692425031], [4.395976772650877, 51.87233720361078], [4.395973967336363, 51.87233732376305], [4.3958641945097545, 51.872342123417134], [4.3948461498413325, 51.872333285361876], [4.394971118730088, 51.87230252018745], [4.394651781471602, 51.8722403428852], [4.394612918981987, 51.87223257170705], [4.394606470939262, 51.87223127675491], [4.394063034181045, 51.872122583151814], [4.393725594712954, 51.872051036648614], [4.393575556740944, 51.872016931185435], [4.393568505720102, 51.87201532545287], [4.393378097524993, 51.87197205115303], [4.393343666816522, 51.8719622046508], [4.393090445096215, 51.87188975077688], [4.392841178377062, 51.871806588076005], [4.392732807378521, 51.871755899092875], [4.392663430004091, 51.871723446056635], [4.39204852886034, 51.87144740263862], [4.391782793445762, 51.871328412165234], [4.391493090692508, 51.87117897922276], [4.39110218782846, 51.87094053317664], [4.391080854069521, 51.8709275161042], [4.390431611623639, 51.87058025937787], [4.390384000594837, 51.87054995824362], [4.390123093253194, 51.87033608196476], [4.390059221647384, 51.870284707488565], [4.390054856167131, 51.87028119172161], [4.389869234084631, 51.87013189206771], [4.389746269170333, 51.87001213139018], [4.389706101416525, 51.86997297616815], [4.389696578140835, 51.869963699638426], [4.389632175070507, 51.869900976395925], [4.389630327377494, 51.869899171910625], [4.389507747947945, 51.869779764819185], [4.38909488291702, 51.86937901929278], [4.389024651258351, 51.869310088776814], [4.388526796445407, 51.868821480418326], [4.388355848934953, 51.86862583934245], [4.388355574295864, 51.868625521496085], [4.3883554808536465, 51.86862541373348], [4.388314457593856, 51.868578466344346], [4.388314046958158, 51.86857799542868], [4.388299235040867, 51.86856104221853], [4.388033987807198, 51.86826174752418], [4.388021654212102, 51.86824758454472], [4.387924452135995, 51.8681359866501], [4.387822571932413, 51.86801990894628], [4.387101961223209, 51.867198903400315], [4.386829414730648, 51.86688837952393], [4.3863919494406005, 51.86640716165819], [4.386368691702706, 51.86638157878625], [4.386219975745705, 51.86621800763697], [4.386024738784717, 51.865856786834556], [4.385650007948709, 51.86478626536659], [4.385647796725294, 51.864779936286936], [4.385458704275003, 51.864239725388245], [4.385457966817969, 51.864237633668395], [4.385246107419636, 51.86368138974279], [4.385223957529767, 51.86362375257357], [4.384898542407967, 51.862777320525666], [4.384877998854379, 51.8627238678524], [4.385485333142302, 51.86177121498032], [4.384597913637028, 51.86173709092965], [4.384596493327819, 51.86173697992914], [4.384495620756738, 51.86172917049613], [4.384486646356517, 51.86170581256061], [4.38445932469557, 51.861634728587944], [4.384454562826363, 51.86162234613745], [4.384449650102487, 51.8616095668861], [4.384436695779836, 51.86156219340349], [4.384417326093079, 51.86149129301631], [4.384350060734855, 51.861245221048456], [4.3843479685931275, 51.86123755986692], [4.384335669895388, 51.861192566654644], [4.384329075210176, 51.86116536366653], [4.384243109986051, 51.860810545222336], [4.383749283812379, 51.85877206075888], [4.383717419463409, 51.858640504614314], [4.383504899247559, 51.85776320789475], [4.383505598507086, 51.85772664672514], [4.383512561640592, 51.857370814772175], [4.383512577118687, 51.85737031601646], [4.3835176210346, 51.85720774407899], [4.383715230578722, 51.8567210524228], [4.383716013465405, 51.85671914445931], [4.383717734195619, 51.85671488939622], [4.384119098529542, 51.856350992036596], [4.384129440003025, 51.85634161495602], [4.384622135504283, 51.8558949072744], [4.384628461716386, 51.85588917236965], [4.385022018536586, 51.8555323335459], [4.385028680076391, 51.85544829851733], [4.385028980225923, 51.85544459762038], [4.38508860003269, 51.85469149751385], [4.385088924690198, 51.85468734737667], [4.385162370551567, 51.85375974525533], [4.384959696959259, 51.85361793191152], [4.3849375973077125, 51.853609770122674], [4.384909494056457, 51.85359939075837], [4.385067994549993, 51.853432262711436], [4.3850674974312955, 51.85343203284692], [4.3849969308915195, 51.85339947586916], [4.384571918152144, 51.8532280515852], [4.3844813509431315, 51.85319636539461], [4.384295650240649, 51.8531314346777], [4.384238872738222, 51.853111587631524], [4.383706384662845, 51.852736792669866], [4.383228823482195, 51.852402672444114], [4.383229458726105, 51.85238395382903], [4.383230940291182, 51.85234030701818], [4.383233531127754, 51.852264498129486], [4.3832347437846915, 51.852204273340654], [4.383245289374537, 51.85167940703612], [4.383246202678733, 51.85163390363436], [4.383277857009854, 51.85005778551981], [4.383282324791221, 51.849835328415764], [4.383292242542897, 51.849341810164205], [4.383311868178046, 51.84836410889497], [4.383312431198874, 51.84833625674655], [4.383320957169634, 51.84791159860044], [4.3833249216904075, 51.847714278626064], [4.3833484268957505, 51.8465436150725], [4.383567487175871, 51.846482563995075], [4.3835713738800495, 51.84630821025957], [4.383572802535633, 51.84624412177981], [4.383573456658381, 51.84621477822519], [4.383574745868328, 51.846156944909865], [4.3835756311837155, 51.84611723000348], [4.383596351336851, 51.84518770880743], [4.383606294760863, 51.84474162379274], [4.3836285885602155, 51.84374143521818], [4.38366475653771, 51.842118686518745], [4.383195080168506, 51.842142115913454], [4.382808675763996, 51.842159540784834], [4.382469922451711, 51.84217396519521], [4.3821502493480935, 51.84218981037068], [4.381784521494667, 51.842209925736604], [4.3813904729699695, 51.84223038171973], [4.381021377848342, 51.84224659160412], [4.3807405767071925, 51.84226522894803], [4.380356405553926, 51.842295609089376], [4.38003130021354, 51.84231483573988], [4.37967881101553, 51.84234247399474], [4.379330963793108, 51.84236629442412], [4.378871630573634, 51.84240717962251], [4.378544363529792, 51.84243280144386], [4.3782761332688604, 51.842453131653606], [4.377856659592775, 51.842492206950624], [4.376489088873931, 51.84261590944483], [4.374461810109006, 51.8428717104883], [4.372946125944503, 51.84316335782471], [4.37208923494669, 51.843348623956054], [4.3713709789817585, 51.84350391098356], [4.36944867043433, 51.84395232363925], [4.367599622182024, 51.8443836146493], [4.364901673152009, 51.8451529924835], [4.362842125148853, 51.84579843672377], [4.362537097642885, 51.845896273122314], [4.360779080813371, 51.84646010888396], [4.360639184418234, 51.84650497558079], [4.359980703226578, 51.84671415462986], [4.359648125834922, 51.84682749124145], [4.357528189776439, 51.847558820482995], [4.355557833765087, 51.84826178010902], [4.354926342309753, 51.848486807638984], [4.3541411087714295, 51.8488334132685], [4.354114253384494, 51.8488449885741], [4.353630407442886, 51.849053514347204], [4.352582565481662, 51.84950509327087], [4.3504670002505454, 51.85063156805844], [4.3501994044932575, 51.850794908177335], [4.348315488030464, 51.851960029162136], [4.346276546852125, 51.85328658149409], [4.346272081380156, 51.85328949029817], [4.345511517784829, 51.85381168488489], [4.344436988034019, 51.85453497515791], [4.34268034313211, 51.855896044643366], [4.341555376186428, 51.85709770020575], [4.341265498342197, 51.85740732785846], [4.340816969527372, 51.857972434020965], [4.3399299762991195, 51.85911287053182], [4.339782203194819, 51.8593112340056], [4.339718996223054, 51.859384115656866], [4.339652118272848, 51.85946123173858], [4.339650985581623, 51.85946253462322], [4.33945651822415, 51.85968599138766], [4.338316892661639, 51.86103428509084], [4.336032003103072, 51.863708467662754], [4.335553924314448, 51.864302346509135], [4.3355398397587255, 51.864302391725], [4.332849479088498, 51.86431129353499], [4.330692195973304, 51.864320330667034], [4.329887940103272, 51.86432218673056], [4.329717418809175, 51.86432257444669], [4.3297087502128395, 51.864322604227624], [4.321710409319784, 51.86435274781994], [4.3186621481878955, 51.864360806760395], [4.3186459579761625, 51.86436086610767], [4.298113880735367, 51.86443052755504], [4.298045170653929, 51.86443075283341], [4.297493602053122, 51.8644325720384], [4.295413451833373, 51.86443936937121], [4.286312307227265, 51.86446869570165], [4.286264114364099, 51.86446884587024], [4.283792610542193, 51.864476682325844], [4.2828875152386665, 51.86447954004031], [4.2721809422362576, 51.864512807561], [4.269163037939326, 51.86452201143833], [4.268975784191019, 51.864523148815145], [4.268756835075421, 51.86452544904751], [4.268408612220372, 51.86453161333928], [4.268123204446247, 51.86453991271414], [4.267833980653671, 51.86454985594655], [4.267581205282954, 51.86455900459001], [4.267249226874358, 51.864578669122], [4.266977186738746, 51.864592378828014], [4.266691614855995, 51.86461306902784], [4.266411893371071, 51.86463203457948], [4.266105299963984, 51.86465726880345], [4.265650197667079, 51.864700769056206], [4.265471620187487, 51.86471900898351], [4.265399775442252, 51.86472670902562], [4.265226024316708, 51.864745866650146], [4.26503150663831, 51.86476750418426], [4.264666535455716, 51.86481227591724], [4.264508818520081, 51.86483237688403], [4.264267607708111, 51.8648655758115], [4.264119886093836, 51.864885421324075], [4.263859537582146, 51.8649244589255], [4.263733773597064, 51.864943534322194], [4.263583179082066, 51.864967351779], [4.263397744697209, 51.86499728955571], [4.263245609786034, 51.865022889637615], [4.263093735012848, 51.86504911225814], [4.262942163920263, 51.86507595783556], [4.262790881986053, 51.865103426232096], [4.262639888980205, 51.86513152643557], [4.26248919986205, 51.86516024061241], [4.26233882891743, 51.86518957788988], [4.262188776365152, 51.865219529282314], [4.262039056491094, 51.86525010391678], [4.261889654998444, 51.86528129266858], [4.261740600913667, 51.86531309581743], [4.261591894231768, 51.86534551336436], [4.261573790029173, 51.86534951063576], [4.261555685598432, 51.86535351689117], [4.2614037301288805, 51.86538752106702], [4.2612521646873205, 51.865422175999875], [4.261100975202229, 51.86545746357834], [4.2609501907000356, 51.86549338408226], [4.260799796434441, 51.86552994636064], [4.260649807140773, 51.86556714156765], [4.26050022281407, 51.86560496970482], [4.260351072480894, 51.86564343105229], [4.260202341845439, 51.86568251648545], [4.2600540451931295, 51.86572223513211], [4.2599061974854315, 51.865762569159635], [4.259758798267383, 51.865803536543574], [4.259611847982756, 51.865845119419866], [4.259465346628249, 51.865887317709394], [4.259319337522923, 51.86593014079132], [4.259173777338606, 51.86597357926207], [4.259028724135729, 51.86601763368141], [4.258884149102853, 51.86606229478516], [4.258740066751563, 51.866107562714795], [4.258596477077345, 51.86615343747194], [4.258453408883377, 51.866199928324555], [4.258310848325329, 51.8662470081743], [4.258168823980882, 51.86629469527585], [4.258027321555222, 51.86634298050482], [4.2578863410442, 51.86639186386303], [4.257745911476897, 51.866441345631586], [4.257606033300516, 51.866491407838794], [4.25746670606024, 51.866542068460326], [4.257327944720078, 51.86659330966414], [4.257189749050797, 51.86664514043921], [4.252578180753607, 51.8682597238343], [4.251480953283246, 51.86864520555236], [4.250490909200904, 51.86898832504089], [4.24937383550804, 51.86937683113378], [4.249103621261163, 51.869470807746296], [4.248142423531718, 51.86981103217143], [4.2461980610471155, 51.87049533415421], [4.2461853137829415, 51.87049982162522], [4.246117929253197, 51.87052353589562], [4.245826119058267, 51.87062623920704], [4.244800418646737, 51.87098561221665], [4.2439640232419205, 51.87127622023434], [4.243636297911769, 51.87138952601494], [4.242810971083564, 51.871674849295665], [4.2417734359542, 51.872042000115655], [4.2408908084080155, 51.87235649566253], [4.24040996733097, 51.87254256474661], [4.239917472136791, 51.872753255855464], [4.239383602268526, 51.872986004523554], [4.239193545249242, 51.87307448623496], [4.238866148586347, 51.87322966254712], [4.238652618939482, 51.87334157299622], [4.238085344833532, 51.87362904727969], [4.237535285805821, 51.87392338428427], [4.2371532373210234, 51.874152656728434], [4.236497958792163, 51.87454257220509], [4.236005647303389, 51.874874979133885], [4.23551915766434, 51.87521397618787], [4.235061456517444, 51.87556272823259], [4.234622197568745, 51.87591411358772], [4.234191624378538, 51.87627255813744], [4.23379710424484, 51.87663444755634], [4.2333720666063925, 51.87705342187463], [4.232970058491216, 51.877485852969606], [4.232333427358461, 51.878222600703296], [4.232033521494209, 51.878619762082835], [4.231743595826628, 51.879034720368544], [4.231485494453059, 51.879452220488126], [4.231263245552417, 51.87984215303003], [4.230832079495271, 51.88072669980571], [4.230640857232577, 51.88120419344386], [4.23050201334888, 51.88160014173331], [4.2300347175100494, 51.883048707085], [4.2300299343784, 51.88306315568715], [4.229984601877796, 51.88320011012988], [4.22973438292167, 51.88395595100529], [4.229712832343807, 51.88401499437716], [4.229614615286622, 51.88429185066822], [4.229445735211261, 51.884730388347194], [4.229275260493015, 51.88512185240456], [4.229222561053284, 51.88524535461347], [4.229052113391685, 51.88558372931402], [4.228998735905092, 51.88568461548898], [4.228845057962374, 51.88597507468388], [4.228595476535755, 51.886399825915746], [4.228403318547449, 51.88670544515946], [4.228310045475717, 51.88685305073576], [4.228069465492545, 51.88721053481093], [4.22790645964684, 51.887432042866436], [4.2276924879065865, 51.88772187662438], [4.22741586206174, 51.8880695919718], [4.227160855666298, 51.88836127578664], [4.226784498175925, 51.88878702721725], [4.22644440853039, 51.88916212311769], [4.225709028934374, 51.889981215524706], [4.225042051522687, 51.89072937363102], [4.224520896223213, 51.89131078670394], [4.224250811111517, 51.89161332672655], [4.223700083725117, 51.89223070527396], [4.2231419944353314, 51.89286248972057], [4.222556803227383, 51.893523055470524], [4.222037784901636, 51.89410808370839], [4.221644665314393, 51.894543927437965], [4.2212637374994575, 51.89494915736347], [4.2208206266556125, 51.89539154957702], [4.2206408680114835, 51.8955556752369], [4.220503200306648, 51.89568115232282], [4.220272223133859, 51.8958850126395], [4.220067401030026, 51.896066893505925], [4.219553933832711, 51.89648503994781], [4.219405508253695, 51.89660938434963], [4.219009699847938, 51.896913683691935], [4.218653926896494, 51.8971885003596], [4.218333990555946, 51.89741487996578], [4.217948044970533, 51.89767796925194], [4.21793246189075, 51.89768828640152], [4.217853836263073, 51.897740359447354], [4.217474597938218, 51.89798893373032], [4.217010841716444, 51.89828014504], [4.216592133910354, 51.898536368587784], [4.216271056086866, 51.89873105390076], [4.21590773035354, 51.89893764114561], [4.215511345781099, 51.899145839305376], [4.214923808386145, 51.899447026554654], [4.2144384926643115, 51.899659448612454], [4.2141064474605265, 51.89980712285777], [4.213783821849201, 51.89994678212629], [4.213334466554322, 51.90010328731819], [4.212687679364361, 51.90032919040709], [4.212162318967878, 51.90051294124714], [4.211562582447944, 51.90085008106157], [4.211053505337936, 51.90113471245353], [4.210787814473427, 51.901288021662204], [4.2107771619340335, 51.9012941713875], [4.2107650045385565, 51.90130118697185], [4.210715183554099, 51.901332572310686], [4.2107055608552475, 51.901338237943506], [4.210704854127112, 51.901338590429084], [4.2106063873108415, 51.901387547619294], [4.210503709418702, 51.90143860195056], [4.210475567211433, 51.9014500688004], [4.210440364727763, 51.901464790882684], [4.2098478836199815, 51.90171979874754], [4.209246544472204, 51.90197819363081], [4.2090002613834026, 51.90208697283671], [4.208772940754871, 51.90224008705131], [4.208424983685661, 51.90247716198737], [4.2080583587690725, 51.902724412963806], [4.207754240011549, 51.90292924165631], [4.207515874460578, 51.90306655668929], [4.207082487278352, 51.903315192830675], [4.206667081138027, 51.90354851990605], [4.206212296089349, 51.90377714396255], [4.205827138374094, 51.903967301013616], [4.205395653280253, 51.904185468234395], [4.204861503650523, 51.90445019797809], [4.204375158270423, 51.90469453396508], [4.203671777854008, 51.90504875776722], [4.203006680009052, 51.90537925457499], [4.202335350479162, 51.90571312766066], [4.201755208737771, 51.90600386155295], [4.201382708977541, 51.90619092290452], [4.200782671100561, 51.906505425154116], [4.198502308993329, 51.907652748883606], [4.197099404072833, 51.90830125235883], [4.196309848881641, 51.90864025964149], [4.195866272759413, 51.90881869170475], [4.194923593905507, 51.90919678608679], [4.194384502744674, 51.90939935907533], [4.193441828509985, 51.90972984455745], [4.192691892955511, 51.90999361408272], [4.191243575490698, 51.91050320897023], [4.190241958478584, 51.91085561386634], [4.190237746091589, 51.91085715304403], [4.189846798174226, 51.911000618715015], [4.189046083384925, 51.91130403809557], [4.188318904965362, 51.91159486247589], [4.188030227032293, 51.9117099441726], [4.187194176028426, 51.91206528931432], [4.186678348628205, 51.91228453306108], [4.186090929030685, 51.91255279759521], [4.1856944121992985, 51.91273550212991], [4.185371023579514, 51.912885405847305], [4.184649312563316, 51.91323999658647], [4.183744491521166, 51.9136905185232], [4.181676316051453, 51.9147233942053], [4.181265515883566, 51.91493428911402], [4.180832250145675, 51.9151686023471], [4.1808317929017065, 51.91516884934876], [4.180613241758986, 51.91528917231792], [4.179959420470497, 51.91565796917155], [4.179740217026002, 51.91578886401562], [4.179446506619234, 51.915973557015825], [4.179014075644562, 51.91626144771123], [4.17784367725263, 51.91708966849502], [4.177341400555607, 51.91744899900848], [4.1772241371285626, 51.917529817580885], [4.177132161694286, 51.91758763256271], [4.176953949884702, 51.917689316377526], [4.176795271553543, 51.917776548826865], [4.176772805522644, 51.917789207863166], [4.176534271738666, 51.91789331718213], [4.1764748209309825, 51.9179195732929], [4.17622534817453, 51.91801742976158], [4.17594887539924, 51.9181019553121], [4.175908991868397, 51.91811414705652], [4.17564982757123, 51.91818102487106], [4.17552486700082, 51.91821180098905], [4.1752653988181025, 51.918259725795636], [4.174972638567685, 51.918302335733394], [4.174693331078078, 51.918333388884335], [4.174253533498871, 51.91838335250359], [4.173877885318212, 51.918427441563495], [4.173374047843209, 51.918479653338906], [4.172923396771316, 51.91852768411827], [4.172712463692352, 51.91854998861542], [4.172600376898824, 51.918561840436205], [4.172454735310898, 51.918577792310955], [4.172385530706813, 51.91858589724156], [4.17221726226959, 51.91860560434695], [4.17190445435203, 51.91863999914423], [4.171163689033782, 51.91872006297784], [4.170756389120077, 51.91876463265501], [4.170444884621309, 51.91879858761034], [4.170116839626903, 51.91883403347032], [4.169810765962048, 51.91886763846937], [4.169473841657173, 51.91890508504306], [4.169120347628749, 51.91894402193865], [4.168751359003786, 51.91898446914035], [4.168496830871405, 51.91901222274104], [4.168358141470327, 51.919029545050954], [4.168276280985482, 51.919039249441624], [4.16818697901422, 51.91905693084876], [4.1681478725930425, 51.919197330729865], [4.168023432973126, 51.919275566814676], [4.167979724723526, 51.919455336160865], [4.167947370961613, 51.91959168000935], [4.167875340106989, 51.919881353043046], [4.167814230397195, 51.92011838222895], [4.167705839747717, 51.92056225470066], [4.167680638058343, 51.92066000151198], [4.167661409302677, 51.92078031002454], [4.167633086868031, 51.920952831814695], [4.167610981509423, 51.92109340787981], [4.167603657733799, 51.92119287728863], [4.167596399587406, 51.921303314089634], [4.167578269058323, 51.92155127931727], [4.167659135313243, 51.921568730162974], [4.167635861728851, 51.92168432235986], [4.1675975841017765, 51.92186740192445], [4.167485697684372, 51.922024314519746], [4.167388969044265, 51.922165878086986], [4.167339974895104, 51.92223441501711], [4.167288882480427, 51.92243640941461], [4.167245353869394, 51.92260933959656], [4.167209386352767, 51.922749564955886], [4.167189965816582, 51.92282600453466], [4.167113934310349, 51.922965535396656], [4.16701831921306, 51.92312539405886], [4.1668814578735, 51.92327881975386], [4.166562011268045, 51.92365564353365], [4.166360836054666, 51.92388630939389], [4.16619894454298, 51.92407144862543], [4.16599949855834, 51.92425870556625], [4.165774432700223, 51.924460420145586], [4.16555422973854, 51.924661807291734], [4.165223172279495, 51.92494359998246], [4.164917347341635, 51.925208952336675], [4.164643179517753, 51.92544407015232], [4.164341919517587, 51.925688892423395], [4.164108784478523, 51.92586870333803], [4.163955903881037, 51.92597276167404], [4.163833213528389, 51.926050939719765], [4.163755442612526, 51.926092549989654], [4.163420663175613, 51.926271076951366], [4.163149248225233, 51.92641159159436], [4.162795507018839, 51.92658841817401], [4.1626686058044395, 51.926651853960315], [4.162171617361422, 51.926832346227044], [4.161694497794665, 51.9270086838159], [4.161238188842602, 51.92717674179566], [4.160670675727942, 51.92738418773864], [4.160177728076223, 51.9275635991491], [4.160019090544805, 51.927619716307746], [4.159879858074175, 51.92765208884313], [4.159796082435526, 51.927671637465394], [4.159822993064749, 51.927710050251406], [4.159786381000432, 51.92774464464325], [4.159583772186627, 51.92780131790264], [4.159399200494906, 51.92785344193553], [4.15930709084689, 51.92783476236562], [4.159283576852282, 51.927791252156496], [4.159251661239595, 51.927798703368815], [4.158946011595637, 51.92788387339693], [4.1583617121768, 51.92804775147029], [4.158114990813723, 51.92811643799916], [4.158086473789349, 51.9281197624679], [4.157465205360222, 51.928165806787305], [4.157142480397026, 51.92818883155316], [4.157050593506504, 51.92820024810646], [4.156544807886578, 51.92828000954751], [4.156393650631842, 51.928305897846585], [4.155927228883156, 51.92837696277575], [4.155612168624982, 51.92842899060336], [4.1550709813977855, 51.92851212330656], [4.154942313478804, 51.928533876736246], [4.154270291154949, 51.92856293110176], [4.154132357896331, 51.92856889147537], [4.153971116191747, 51.928587569491015], [4.153203908102747, 51.92866701001435], [4.152522660880978, 51.92873848509367], [4.151878853179263, 51.92880413816587], [4.151707619094071, 51.92888893093159], [4.151348749355768, 51.929055799381125], [4.1508151464846215, 51.929307052869746], [4.150303725625281, 51.92955517540479], [4.14978120332938, 51.92979595162917], [4.149280984131464, 51.93001076609925], [4.148852406792921, 51.93018642141734], [4.1483983675417315, 51.930356710053765], [4.148008293748669, 51.930503697214085], [4.147663005217794, 51.93062060126851], [4.147221049967646, 51.930768432119585], [4.146980335114035, 51.93084538378535], [4.146583355037825, 51.930964121480365], [4.146359152055847, 51.93102703432293], [4.146123112744316, 51.93109517930581], [4.145796390856358, 51.93118920781939], [4.1454310935373435, 51.93128520111204], [4.145043862924871, 51.931379217645095], [4.144889661756916, 51.93140938281815], [4.144066062831568, 51.93158415389989], [4.143488213170507, 51.931703566383575], [4.1431762493438224, 51.93175896469269], [4.142996333813712, 51.931790796939794], [4.142891602086341, 51.931809329737945], [4.142398556888689, 51.93189027105325], [4.142296709655906, 51.93190492359564], [4.141988194169123, 51.93194860649101], [4.141684752082093, 51.93198917815612], [4.139933162272439, 51.93222048798692], [4.139513713618619, 51.932275868675895], [4.1355527936986824, 51.93279626627252], [4.131636211990238, 51.93331069382836], [4.131624958770794, 51.933312173703015], [4.130870178356735, 51.93340763759833], [4.129915456861653, 51.9335311349446], [4.128641692457043, 51.93369974164864], [4.113055442879265, 51.935740616873886], [4.112950987258576, 51.935482152483765], [4.11294791634265, 51.93547455033817], [4.112835731188845, 51.93519691809755], [4.112674698482059, 51.93479839151105], [4.109661004857106, 51.935615957432134], [4.109531651887532, 51.93565104735131], [4.108558992178616, 51.93591489103947], [4.107723532938354, 51.93614150401765], [4.106801291565946, 51.93468906398111], [4.105973018392121, 51.93338454120019], [4.10562052677092, 51.93329917585089], [4.105105690520313, 51.93246812408655], [4.102630097129339, 51.928471585611184], [4.101814030931582, 51.927166320326236], [4.101719378457926, 51.92700923346381], [4.1019057858933365, 51.9247186420738], [4.1019168201778955, 51.92458301749166], [4.101966196738862, 51.92397628601288], [4.1020024742654, 51.92353047109952], [4.102002501246036, 51.92353013789711], [4.102002273999006, 51.92353035654536], [4.101644609420428, 51.923873124297835], [4.1012657831430515, 51.92424226384873], [4.101200663426043, 51.92430672275193], [4.1008373241301745, 51.92466637611354], [4.096830610412197, 51.92863196507123], [4.093086992739881, 51.93233639980299], [4.092893508172031, 51.93252783238539], [4.087637207405075, 51.93321653512368], [4.086695299852484, 51.93333314120305], [4.085792603691396, 51.93343281592063], [4.084800436672733, 51.933527087511976], [4.084329873895431, 51.93356341947952], [4.083353343641775, 51.933638813194044], [4.082837053617314, 51.933671278897144], [4.081893481422094, 51.93371729916002], [4.081414388395109, 51.933741263511145], [4.081013724066005, 51.933759131044894], [4.080317735860407, 51.93377397411855], [4.079037666472113, 51.93379446494745], [4.078110805270215, 51.9337932753681], [4.076941444864399, 51.93377137832829], [4.076116310752104, 51.93374466347482], [4.075607324156801, 51.93372549035847], [4.075104610065098, 51.93369969714662], [4.074605537646838, 51.93368465753961], [4.07438291316649, 51.93367162613255], [4.074160411078556, 51.93365789451694], [4.073938017118537, 51.93364345354467], [4.073715745571629, 51.93362831236519], [4.073493596710859, 51.93361246199301], [4.073271585084021, 51.933595902591584], [4.073049724713303, 51.93357865229679], [4.072828001860146, 51.93356068398827], [4.072606430283295, 51.93354202478812], [4.0723850250565325, 51.93352265688747], [4.0721637713893175, 51.93350258911091], [4.0719426983671445, 51.93348182178489], [4.071721791462042, 51.93346035474782], [4.071501065485347, 51.933438179177095], [4.071280534457468, 51.933415313209224], [4.0710601841147485, 51.93339174769605], [4.070840043541805, 51.933367482964634], [4.070620112748312, 51.93334251901616], [4.070400377207217, 51.933316855689135], [4.070180866002802, 51.933290493310245], [4.06996157888162, 51.93326344086729], [4.069742515853157, 51.93323569836151], [4.069523677190893, 51.933207256808124], [4.069305091979159, 51.9331781165344], [4.069086745426684, 51.93314828636518], [4.068868652080272, 51.93311776646466], [4.068650811949495, 51.93308655683457], [4.068433225043803, 51.93305465747631], [4.068215920711001, 51.933022059731485], [4.067998883895743, 51.93298878141094], [4.067782129408172, 51.93295481369324], [4.067565657257944, 51.932920156580195], [4.06734946719001, 51.93288481905938], [4.0671335885521565, 51.93284879247309], [4.066918006552341, 51.932812085645686], [4.066702721463551, 51.932774689592875], [4.066487762105021, 51.932736613629224], [4.06627312848583, 51.93269785775662], [4.066058806077703, 51.93265842181362], [4.065844809162095, 51.93261831495136], [4.065631167350929, 51.932577519526575], [4.065417851314345, 51.93253604420026], [4.065204889606304, 51.932493907273695], [4.064992268491868, 51.93245108162683], [4.0647800165245185, 51.932407585561165], [4.064568133712567, 51.93236341907863], [4.064356605527724, 51.932318582017686], [4.064145461052111, 51.93227307470783], [4.063934700294, 51.93222689715078], [4.063724322996861, 51.93218005833534], [4.063514343970765, 51.9321325494409], [4.063304748686526, 51.932084370305894], [4.061158623168838, 51.93157104239198], [4.059956721767348, 51.93129140183332], [4.056969449804027, 51.93060153326157], [4.053683113922669, 51.929835300635794], [4.050695033319852, 51.92914381485349], [4.0451513917530955, 51.927852615769964], [4.040313658308241, 51.92673268107565], [4.038151292941611, 51.926239280662465], [4.037770471481948, 51.926150947696875], [4.03694749194435, 51.92596597716804], [4.036007937120085, 51.92574773038871], [4.035701848463689, 51.92567662853503], [4.035586684753457, 51.92564987311016], [4.032606608730397, 51.92495758271678], [4.02720569650547, 51.923702652705906], [4.027203689609515, 51.923702188999776], [4.024170734264542, 51.92299531663665], [4.018588702011973, 51.92169408009781], [4.018562717298742, 51.921688024238314], [4.0135575856570975, 51.92052097634756], [4.01355700818818, 51.92052084374528], [4.012642718596695, 51.920307629695834], [4.012636035269358, 51.9203060682624], [4.008177898293653, 51.91926629106633], [4.008155799156465, 51.91926114146206], [4.007258983345683, 51.91905194652831], [4.007258766740085, 51.91905189903735], [3.9981400473912267, 51.916924357907405], [3.9958143150190093, 51.91638158425594], [3.9950658174624163, 51.91620688846961], [3.9950377389501552, 51.91627746229364], [3.9948809995192884, 51.916370740854695], [3.9947438530706485, 51.916452359548046], [3.9946675320262988, 51.91648433670025], [3.994545114753133, 51.91653562642836], [3.9944776189200906, 51.91654659225211], [3.994313172448102, 51.916573310091664], [3.9940963164844785, 51.91662068469142], [3.9939559864511187, 51.916680859431956], [3.9938226072049243, 51.91676490122377], [3.993582467690365, 51.916942812650156], [3.993325101608225, 51.91717997885271], [3.993058855331099, 51.91733141611984], [3.99264465634925, 51.91754055786232], [3.9922977060015743, 51.917699129259404], [3.99213743914986, 51.917772377377055], [3.991579638763642, 51.9180226205253], [3.9911833977724047, 51.91827240354766], [3.990940721921062, 51.91840746808575], [3.9908360417192434, 51.91853093855701], [3.9907889961515775, 51.91858642486518], [3.990643105694861, 51.91865045887139], [3.9905199256822668, 51.91870452481762], [3.990262828728682, 51.91880849694926], [3.9902621992325895, 51.91880887150827], [3.9901256664787494, 51.91889011021311], [3.9899126422996907, 51.918972973909526], [3.989876478450045, 51.918987040775555], [3.989813109920702, 51.919045746676304], [3.989829315652623, 51.91906913992999], [3.989864604168549, 51.91912008584151], [3.9899858034658755, 51.91918098268591], [3.9900224760348295, 51.91931325858219], [3.9900307946307447, 51.91934326131371], [3.990060519805235, 51.9195005904291], [3.9899703086787897, 51.91968027781385], [3.9898439209656598, 51.91978158592911], [3.9897217819854376, 51.919879487174576], [3.9895134050759213, 51.92002447027844], [3.989137545579836, 51.9201127564278], [3.988743050133821, 51.920181790993354], [3.9885404403430518, 51.920265002792725], [3.988233195116657, 51.92037312975966], [3.9877484080717163, 51.92050054723717], [3.9871848602537137, 51.920566125203194], [3.986822794696186, 51.92057749686269], [3.9865551201834055, 51.92052674595178], [3.986409210404318, 51.92040882122404], [3.9864076735492042, 51.920404118572435], [3.986357455509222, 51.92020569305602], [3.9863585285123686, 51.920053537629315], [3.9863585796037246, 51.92004635218977], [3.986360355195493, 51.92004325946908], [3.9864313705707, 51.91991953074265], [3.9864846726108696, 51.91982666229033], [3.9865427010267216, 51.919759938025884], [3.9866126608242696, 51.919679496283685], [3.9866402664247182, 51.91964775697929], [3.9867616630993963, 51.9195652352085], [3.986810505986483, 51.919532031190826], [3.986970364194027, 51.91942336297331], [3.987014120205419, 51.91941333109042], [3.9871649796362587, 51.91937874496354], [3.9871873166364242, 51.91937362389019], [3.987264883068272, 51.919353142979034], [3.9872881107173317, 51.91922498424128], [3.9873209617468492, 51.91914796525564], [3.9873254566290868, 51.919137428524316], [3.9873482886536893, 51.919123089398234], [3.9874265248145218, 51.91908931130087], [3.9875891028771457, 51.91906919592633], [3.987739058294575, 51.91907099329069], [3.9877942046788264, 51.919051142068334], [3.9878285689481126, 51.91903877225311], [3.9880034127595, 51.91886499549275], [3.988105881110777, 51.91878158979667], [3.988382904794484, 51.91859906480901], [3.9884160604491856, 51.918577219196195], [3.98920510332372, 51.91824781012215], [3.989293820532707, 51.91820171165988], [3.989420783626709, 51.9181197442816], [3.9894303569346667, 51.91811356299157], [3.989558209621951, 51.91803102175051], [3.9896453568549246, 51.91798176528741], [3.9896789885869857, 51.91796275931815], [3.9896516079465294, 51.917945177705896], [3.989579704014289, 51.917907455302725], [3.98956832434203, 51.91790376014433], [3.9895085450691012, 51.91790779252015], [3.9894219969878657, 51.917907941180765], [3.9892721943823424, 51.91790140408706], [3.9891401915418023, 51.91788107961637], [3.989034012396589, 51.91785918180877], [3.9889631732776936, 51.91786279011243], [3.9889464386142524, 51.917871688983894], [3.988935690623721, 51.91787740498917], [3.988853145049494, 51.91792129965912], [3.9887404404904827, 51.91797172193141], [3.988530706519881, 51.91807900036694], [3.9883261077701593, 51.91816045849545], [3.9881266681391523, 51.91821520129027], [3.988112516202369, 51.91822205517737], [3.987920408074604, 51.91831508588481], [3.9876679905894514, 51.918437321352656], [3.9876286024467964, 51.91846014694592], [3.987623684312996, 51.918462996387916], [3.987552160789442, 51.91850444425582], [3.9874916830277822, 51.91853949117337], [3.9873284503486777, 51.91863408395352], [3.9871263686155136, 51.9187271716285], [3.986963162209036, 51.91877699030713], [3.9869050579893037, 51.91883520189212], [3.986838584254238, 51.9189116015143], [3.986838517931056, 51.918911677132776], [3.9865332018158437, 51.91903232313983], [3.9860530826640352, 51.919133625825744], [3.985821269802831, 51.919166537344545], [3.985744633896176, 51.919192361763415], [3.9856375408967883, 51.91922845080117], [3.9855864594057495, 51.919275561051954], [3.9855863652771766, 51.91927559588604], [3.985586381548102, 51.9192755403465], [3.985586175454617, 51.91927566913133], [3.9854118670268286, 51.91934240234393], [3.985281283992248, 51.919336079670636], [3.9851409015473145, 51.919274969626116], [3.985078291453557, 51.91918621251973], [3.9850276525240207, 51.91910116253086], [3.985019814762866, 51.91908799852276], [3.985076266317845, 51.91903690023112], [3.9850845274324405, 51.919029422648336], [3.98509502216228, 51.91901992216324], [3.9852244292133108, 51.918940600681246], [3.9852281048595444, 51.918922278496815], [3.985236804361024, 51.91887890823794], [3.9852563160601657, 51.91878162690131], [3.9852454765824783, 51.91851273523272], [3.9852605329071715, 51.918255948383674], [3.985260797103768, 51.91825144250016], [3.985261921504537, 51.91823227723194], [3.9853158073091017, 51.917899408029875], [3.98532972823363, 51.91781341794324], [3.98537564184287, 51.91761672608043], [3.985439327297867, 51.917354376224864], [3.985500024821252, 51.91721953098484], [3.985597405507735, 51.91700308071049], [3.985669572743765, 51.91700034248058], [3.985761698392141, 51.9170062068782], [3.9859902384889447, 51.91707790736945], [3.98609468031287, 51.917060135410566], [3.9861697343877522, 51.91699681281438], [3.9861720568064274, 51.91690678114217], [3.985976501177587, 51.91675447182094], [3.9859234821476983, 51.91673168070144], [3.985959146486808, 51.916634065165525], [3.986024741114739, 51.9165883522404], [3.986209290565287, 51.91659056340511], [3.986380898073462, 51.916637799297966], [3.9864840397650885, 51.91666042652411], [3.9866070717909814, 51.916661906164634], [3.986679382324913, 51.91668653787135], [3.986779496808817, 51.916682986940906], [3.986915361786795, 51.91664418355887], [3.9870310760860805, 51.91663367098341], [3.9871013938806223, 51.91659883239873], [3.9871868308101117, 51.91657128811119], [3.9872599572128116, 51.91656979187995], [3.9873783297682124, 51.91659735428352], [3.98750151273714, 51.91659407764789], [3.987617560566991, 51.91657406408066], [3.987676342737301, 51.91653908770928], [3.987693426432265, 51.91648458864048], [3.9876687349097923, 51.91641294095035], [3.9875986163077646, 51.91634758116007], [3.9874609976861044, 51.91628945701669], [3.9872087865271526, 51.916206177678596], [3.9869366103249204, 51.916146441895485], [3.9867500792021597, 51.916122709400604], [3.9866013985847943, 51.91610379224544], [3.9862605463886998, 51.91608783193338], [3.9859477872842124, 51.91609599057868], [3.9855907955312415, 51.91613634887494], [3.985333948618538, 51.916201663666996], [3.985220074767089, 51.91624740855679], [3.984967219285231, 51.9164319172156], [3.9848703535850514, 51.91653919168541], [3.98473707661403, 51.91668940387391], [3.98467526423265, 51.9167970967068], [3.984575689558226, 51.91699108274988], [3.9845001607416246, 51.91716367004578], [3.9844491309488115, 51.917300405642656], [3.984397423853523, 51.917458819841045], [3.9843587568277274, 51.91757401812582], [3.9843366239192552, 51.917604321949746], [3.9842854829618037, 51.917674344681465], [3.984212885823599, 51.91775299346408], [3.984069497919468, 51.91785248334397], [3.9840506454050444, 51.917866183491036], [3.983979873310813, 51.91791761182976], [3.983961843359854, 51.917930713213], [3.9839149270283447, 51.91797636499695], [3.983797156020538, 51.91809096058068], [3.9837930493849742, 51.91809495670759], [3.9836696592393683, 51.91832228021321], [3.9835679269320337, 51.9185096981478], [3.9835597359392705, 51.91852478951151], [3.9833837063464856, 51.918849080675415], [3.983101316407793, 51.919655322533025], [3.98293071804797, 51.920058049480325], [3.9828362501697785, 51.92028105244297], [3.9828314889981256, 51.920295744285504], [3.9828207661087607, 51.920328837888725], [3.9826939172140197, 51.92072030253833], [3.9825439950038266, 51.92126509150806], [3.982390550593921, 51.921822668610204], [3.9823533560292645, 51.921945908632566], [3.982153308945237, 51.922608738586966], [3.9820905583561186, 51.92281664341987], [3.982081427136235, 51.92283488587959], [3.981821345032569, 51.92335439621195], [3.9818082016299914, 51.923380650469376], [3.9817164317976275, 51.92356395480049], [3.981117666100928, 51.924763985576206], [3.981092046327673, 51.92480772114924], [3.981083840045278, 51.92482416595008], [3.981047451542626, 51.92488385089788], [3.9808564399592714, 51.9252099240939], [3.980832776633191, 51.925250319235], [3.980327108431984, 51.92611351916716], [3.9800161197980994, 51.92670977787299], [3.9800030031065723, 51.926742214194185], [3.979775256771351, 51.92730543488242], [3.9796972159613455, 51.927498428154344], [3.979661224889334, 51.92758742982386], [3.979318368984563, 51.92849078277232], [3.9793093152400525, 51.928509264176036], [3.97898088967723, 51.92914790843976], [3.9788035686772902, 51.92940272544454], [3.978737049533678, 51.92949831596807], [3.97873508515597, 51.92950114023427], [3.97857680638808, 51.92972859069185], [3.978375107308659, 51.93009963512609], [3.9782293415988934, 51.93036778052887], [3.977889251810403, 51.930953894201416], [3.9778461196595045, 51.931028227255425], [3.977493057370635, 51.931769462834694], [3.977415300102301, 51.9319327124854], [3.9770430729048813, 51.932568515034674], [3.976215656555907, 51.93406545170242], [3.97619635726684, 51.93409612971133], [3.9760739052798946, 51.934319746232234], [3.9759522607306916, 51.93452300166388], [3.9759500182792666, 51.934526748445556], [3.975314914668335, 51.93558789372026], [3.9752162829862865, 51.93574080432599], [3.9750753485523376, 51.93595929774012], [3.974310082926044, 51.93714566950818], [3.974182205133334, 51.937349630551935], [3.974162770973451, 51.93738062397831], [3.9731790851586095, 51.938949496841964], [3.9725975508953897, 51.93998169539853], [3.972584948831028, 51.94000406016161], [3.972561936698979, 51.94004490661354], [3.9719329366459553, 51.940937608976796], [3.971788436474631, 51.94114744779224], [3.9713795593290095, 51.94174119110573], [3.9710180626285747, 51.94235212879849], [3.970850625556474, 51.94263509333789], [3.970718574440063, 51.94287724380317], [3.9707121504429335, 51.942889022398], [3.9704154548273043, 51.943433086551586], [3.970297619118991, 51.94364130963825], [3.970023244516121, 51.9440666287585], [3.9694830890790986, 51.944903920821595], [3.968984544950841, 51.945693007572714], [3.9689641815870407, 51.94572523489985], [3.9687566422608076, 51.94605371652555], [3.9678912578171053, 51.947418767105354], [3.967799737428542, 51.94756312632467], [3.967691002748993, 51.947734633003584], [3.967624194241923, 51.94784001167107], [3.9674120294511277, 51.94815042330975], [3.9671888919296676, 51.94848298926129], [3.9665564907112345, 51.94941226207584], [3.9658839174114124, 51.95045513096313], [3.9658686689728664, 51.95047656596909], [3.9658564792785933, 51.95049370329473], [3.965189983635809, 51.95143067735385], [3.9648217100720684, 51.95194804265895], [3.964575573780829, 51.95230445649347], [3.964302025453316, 51.952724567348746], [3.9642559883644983, 51.95279526685743], [3.9641992478052908, 51.952884638901125], [3.964082095615211, 51.95306915637419], [3.9639464741982255, 51.95328276259353], [3.9634989625491386, 51.9541974787843], [3.963292568598134, 51.95485207131462], [3.963285726487279, 51.95487558277057], [3.9631009588902586, 51.95551071966924], [3.962950761869214, 51.95605797098262], [3.962775936460201, 51.956599874420455], [3.962647879838735, 51.956866974740315], [3.9625588130008187, 51.957104324307245], [3.9625433305046465, 51.95721504987115], [3.9625409159655183, 51.95723230441663], [3.962516620419948, 51.957406047226044], [3.962397397711094, 51.95807959130701], [3.962352455224505, 51.95831319378154], [3.962332297743562, 51.958417975539724], [3.962319997395239, 51.958538705207985], [3.962261223811071, 51.959115609135026], [3.96227349497114, 51.95945761424582], [3.962274241099817, 51.95947838236349], [3.9622987117686037, 51.96016044906074], [3.9623488804959615, 51.96114835299971], [3.9623853120027763, 51.961541698496774], [3.9624865654976316, 51.961957312459084], [3.962487974013897, 51.96196308990776], [3.9625584485387737, 51.96225236742148], [3.9627114495877813, 51.962741154885464], [3.9627723951921414, 51.96287621937921], [3.962824285025173, 51.96295408541673], [3.9628926916648415, 51.963025435540224], [3.9629610956118784, 51.96309678558849], [3.963040265225785, 51.96317162350588], [3.963102490798801, 51.963266405810835], [3.9631708415506672, 51.963514436425974], [3.9632873422599637, 51.96393717389975], [3.9633949854685486, 51.964327767696986], [3.9634978163629784, 51.964684977752974], [3.9635434301433548, 51.96476953911898], [3.9635483945650942, 51.96477874049725], [3.9638880343724074, 51.965408347375046], [3.9643425196821633, 51.96616271623393], [3.964819932136118, 51.96688042138394], [3.965345844079538, 51.96761214266522], [3.9653760581511275, 51.967656560274094], [3.965416085355738, 51.96771540845809], [3.966057535689216, 51.96865841532457], [3.9665844976079256, 51.96925406068779], [3.966682165198564, 51.96936445738815], [3.9670105355597722, 51.96981170039596], [3.9672887034563713, 51.97012736696442], [3.9676607000627215, 51.97052480519097], [3.9676931916566964, 51.97055951957384], [3.9677147035337703, 51.97058250247734], [3.9680364696387254, 51.970895335846365], [3.9687898837138054, 51.971623069463156], [3.969470776535248, 51.972443951300065], [3.9699940471895236, 51.973091664859076], [3.9703564462906007, 51.9734489568758], [3.9704020218351816, 51.97349388983408], [3.97046731722919, 51.97355826512572], [3.970512795637944, 51.97360310068233], [3.9705319126780387, 51.97362194965727], [3.9707284675241086, 51.9737722868325], [3.971062838806889, 51.974028029906705], [3.9711317052724744, 51.97409318333973], [3.971817865407824, 51.974742332029784], [3.972373678210379, 51.975264738959844], [3.972720884857002, 51.97563670478673], [3.9733012787136475, 51.97628194560392], [3.973367291165298, 51.97635533267784], [3.973538721428757, 51.97654591441862], [3.974347161858092, 51.97729056648667], [3.9748003321923653, 51.97766164566437], [3.974882196132351, 51.977728677938174], [3.97535254227653, 51.97801973747617], [3.975890063534309, 51.97837938620131], [3.9760568019022395, 51.97847509442013], [3.976264601373724, 51.97859437061359], [3.976434937699251, 51.97868917396315], [3.9765151051972283, 51.97878042987686], [3.976483437910188, 51.97884935074654], [3.976476780994388, 51.978863838142026], [3.976468317608148, 51.978941736299184], [3.976474606593937, 51.978995464645635], [3.9764653246560964, 51.97903218087615], [3.976470745881181, 51.97905842017892], [3.976492860346364, 51.979165458177796], [3.9764966455155593, 51.97918377801853], [3.976496816019901, 51.979184605285475], [3.9765219424553337, 51.97930622506179], [3.9765244272194793, 51.9793155336658], [3.9765358297688076, 51.97935826104394], [3.9765434062576652, 51.97938665306938], [3.976544574374745, 51.97939103050749], [3.9765455158563894, 51.97939456022899], [3.976551748574307, 51.97941805042781], [3.9765624663620622, 51.97945834426446], [3.9765756894537954, 51.979507896608105], [3.9766388527743586, 51.97966956608819], [3.9766737179379694, 51.97975880522394], [3.9767702649020946, 51.97994728115363], [3.9767871171249807, 51.979980179275614], [3.9768701432987834, 51.980114879630456], [3.9768733816185113, 51.98012013407654], [3.976895529225728, 51.980156065753306], [3.9769108054523112, 51.98018084825636], [3.9770111397613412, 51.980302213575165], [3.97708706118097, 51.980394049191744], [3.977227090814936, 51.98053180042789], [3.9772645183253665, 51.980568619055674], [3.9774943047252975, 51.98078120338132], [3.9776269496875787, 51.98090391633352], [3.977642256126328, 51.98091807638956], [3.977872512972748, 51.98113109077062], [3.978148011757415, 51.98138595626426], [3.97821280524519, 51.981445896663786], [3.9790096854802757, 51.982183074330685], [3.9793692901352533, 51.982538196753545], [3.979431399852636, 51.98258958962423], [3.9794590471209412, 51.982612465762315], [3.979810422527755, 51.982903210988155], [3.979832345772429, 51.982919409623015], [3.980248065521748, 51.98322656176786], [3.980747174813756, 51.983586324565486], [3.9810543396373954, 51.98377135712068], [3.981362745323963, 51.983951717540656], [3.981479892111507, 51.98402022579482], [3.9815623647880427, 51.98406030158499], [3.9816743472156433, 51.98411471736956], [3.9817147935353256, 51.98413532422506], [3.981751676039953, 51.98415411488501], [3.9822241052366962, 51.98439480420718], [3.9825895098663735, 51.98456565997372], [3.9830311900587625, 51.98476121099121], [3.983592831395913, 51.984970075856324], [3.9840737728285553, 51.98514230564767], [3.9846175631440675, 51.985306365516955], [3.9851807980520086, 51.98546470368782], [3.985648761275449, 51.985580179943966], [3.9856948700106747, 51.98559155791455], [3.9861555772724047, 51.985705241294326], [3.9875320142296022, 51.98603677674251], [3.9886983346697757, 51.9863122753835], [3.989332793208873, 51.986453202738154], [3.9894245337356815, 51.98647357958923], [3.9896882373806584, 51.98653215293321], [3.990754416427407, 51.98677671414942], [3.9917684129829327, 51.98699686074105], [3.992787606691444, 51.98720516723003], [3.9933231377942264, 51.98732202166888], [3.993428547724853, 51.987345021396884], [3.9939546372003707, 51.98745981216427], [3.994066227425139, 51.98748303104863], [3.994066311338499, 51.98748304822334], [3.9942092272558547, 51.987512216779386], [3.9962141874501937, 51.987921399959944], [3.9962142583497724, 51.9879214142824], [3.996214353852726, 51.987921433390376], [3.9966201477089234, 51.98800161702339], [3.9972236683521953, 51.98811537394066], [3.997323236332018, 51.988134141747764], [3.997590117914666, 51.98818444408366], [3.9986185392965323, 51.9883809337276], [3.9993839918770213, 51.98851458677514], [4.000182991175999, 51.98865123819176], [4.000957574962113, 51.988761627001146], [4.00103968750222, 51.98877052976011], [4.001152953637466, 51.98878281016486], [4.002005417900054, 51.98887522963006], [4.002898838044826, 51.98895066143749], [4.002962648497151, 51.988954485087916], [4.003599843820734, 51.98899266583712], [4.004094918838957, 51.989006041336054], [4.004093971554312, 51.989036757479084], [4.006078477402673, 51.989019250857716], [4.006144597759229, 51.98901866727577], [4.006401493028523, 51.989000638957], [4.008462794063325, 51.988855958145066], [4.009550771917575, 51.98868639348571], [4.010088154760542, 51.98862050333204], [4.010625274410864, 51.98855464361286], [4.012000318249944, 51.98825168091295], [4.013592466820264, 51.987899472551405], [4.014576996909308, 51.98768166541962], [4.017461747271182, 51.9870090397883], [4.022644041831873, 51.9858004860573], [4.023528623322954, 51.985644254487745], [4.0235288707296, 51.985644353542256], [4.023528998812853, 51.98564440267097], [4.023529092294036, 51.9856444406112], [4.0235293010056585, 51.98564451944054], [4.023529390257433, 51.98564455283707], [4.023863601748013, 51.985767244200666], [4.023863748533805, 51.98576730073717], [4.023863869395282, 51.985767347983895], [4.023864010687078, 51.98576739366957], [4.02386418218755, 51.98576745139161], [4.024255239142139, 51.98589929920482], [4.024255350089607, 51.985899337346794], [4.024255472680226, 51.9858993756239], [4.02458421342559, 51.98600760428866], [4.024595875317991, 51.98601144211661], [4.0248727230392225, 51.98610258315069], [4.025088358963825, 51.9861735715368], [4.025180315341086, 51.986203843807786], [4.025180364361688, 51.98620385965738], [4.025180458036477, 51.98620389130602], [4.025219154056146, 51.986216353703206], [4.025777524615727, 51.98639619623434], [4.0257776039279305, 51.98639622142367], [4.025777697685492, 51.98639625037596], [4.025777745278387, 51.986396265309956], [4.025777947265982, 51.98639632607892], [4.025948641992872, 51.98644789975755], [4.0260824280343455, 51.98648832173753], [4.026140099314755, 51.986505745323505], [4.026140253682985, 51.98650579205676], [4.026140366197954, 51.9865058266194], [4.026140408023946, 51.9865058396886], [4.02614169998702, 51.986506253767196], [4.026358114305085, 51.9865757603005], [4.026502183314469, 51.986622030697276], [4.0265022510932456, 51.986622052157074], [4.0265023895343, 51.98662209600883], [4.0265025640886805, 51.98662214926775], [4.026502730019473, 51.98662219883132], [4.026503007174216, 51.98662227754876], [4.02651561284534, 51.98662582767258], [4.026682440547776, 51.98667280619384], [4.026697796405471, 51.98667712883789], [4.026719665909409, 51.98668328515289], [4.026722854897755, 51.98668418232677], [4.026723123538583, 51.98668425375373], [4.026723380590399, 51.98668432324877], [4.02684005930707, 51.98671446864026], [4.027064649701895, 51.986772493934055], [4.027184782994696, 51.98680353202398], [4.027338614195505, 51.986843275716964], [4.0273629955610435, 51.98684957063121], [4.027363197825449, 51.98684962241154], [4.027363294659317, 51.98684964600458], [4.0273636024631285, 51.986849722377734], [4.027531916602954, 51.98688888361071], [4.0276941963230835, 51.986926643513804], [4.027694443571034, 51.98692670030829], [4.02769463009843, 51.98692674291686], [4.02769475313089, 51.98692676681257], [4.027695042532422, 51.986926825892354], [4.027787563524533, 51.98694520899606], [4.027806864000801, 51.986949044036464], [4.0279576659225755, 51.9869790021157], [4.028116335240178, 51.987010525181105], [4.02813950579336, 51.9870151267396], [4.028159713808493, 51.987019140310885], [4.028522487263677, 51.98709120198041], [4.028522575556564, 51.98709121918141], [4.028522663822337, 51.987091237280936], [4.028522814400315, 51.98709126508987], [4.028523167680863, 51.98709133029936], [4.028930697419055, 51.987166753879336], [4.02893722579884, 51.987167961944664], [4.0289400824266695, 51.98716849025362], [4.028940270656844, 51.98716852478939], [4.028940508127653, 51.987168567984405], [4.028940684904661, 51.98716859609545], [4.028940755922817, 51.98716860680412], [4.028941011049512, 51.98716864391056], [4.029171491455637, 51.98720324959146], [4.029171613197423, 51.98720326807727], [4.029171843636262, 51.98720330310018], [4.029172178704942, 51.98720334472525], [4.029173442058379, 51.98720350314542], [4.029742579578714, 51.98727469293512], [4.0297429655354735, 51.98727473694382], [4.029743154120027, 51.98727475979642], [4.0297432644089435, 51.987274771856875], [4.029743456067937, 51.98727478935142], [4.0297437290423925, 51.98727481407712], [4.03010298991701, 51.98730485127126], [4.0301031554593605, 51.98730486576693], [4.030103244025196, 51.98730487398049], [4.030103316635239, 51.98730488021217], [4.030571156386195, 51.98735068592662], [4.03057126670271, 51.9873506970877], [4.030571385752012, 51.987350708349524], [4.030571435129185, 51.98735071251488], [4.030571657353451, 51.98735073036083], [4.030953435762525, 51.987381064306746], [4.030953633244213, 51.98738108186644], [4.030953746499065, 51.98738109216207], [4.031512851460476, 51.9874325313393], [4.0315130779705335, 51.98743255192957], [4.03151316656416, 51.987432559243494], [4.031513266774249, 51.98743256759038], [4.03151347018697, 51.987432581621846], [4.032094912006287, 51.98747358193136], [4.032095159002222, 51.98747359916086], [4.032095222934368, 51.98747360349335], [4.032095302849497, 51.98747360890897], [4.032095369719623, 51.98747361237655], [4.032095449689275, 51.98747361599492], [4.032095682320306, 51.987473626766324], [4.0320982618020045, 51.98747374009551], [4.0321295702291335, 51.98747512030828], [4.03237653056654, 51.987486007135324], [4.032376729721932, 51.98748601752056], [4.032376965426916, 51.98748602293324], [4.032626273315497, 51.98749323270723], [4.032663659311174, 51.98749431423509], [4.032701302818722, 51.98749540231333], [4.032723712596701, 51.9874960506062], [4.032726181258334, 51.9874961212943], [4.032726780587486, 51.98749613898547], [4.032727304313435, 51.98749615310911], [4.032727401830023, 51.98749615423252], [4.032727589667454, 51.987496153699496], [4.032728079031981, 51.9874961485497], [4.032751793260202, 51.98749578798683], [4.033029750889568, 51.98749155818772], [4.033041350070834, 51.98749138524361], [4.033041490040441, 51.98749137876524], [4.033041625562048, 51.98749137493247], [4.033441384935428, 51.98748138965061], [4.033489829840081, 51.98748017923338], [4.03349716331633, 51.98747999578558], [4.0334974343325545, 51.98747998901767], [4.0335014223547185, 51.987479889306705], [4.0335015884685514, 51.9874798849267], [4.033501801265919, 51.987479877488454], [4.033569820603135, 51.98747730759381], [4.033731123143838, 51.98747121079856], [4.033815277104927, 51.98746803004213], [4.033936433233816, 51.98746345118681], [4.034009549928597, 51.98746068710817], [4.034103318406844, 51.987457143962914], [4.0341052367088714, 51.98745706985381], [4.0341054349515595, 51.98745706224699], [4.034105577831751, 51.98745705580088], [4.034120627520962, 51.98745630849234], [4.034284368807827, 51.98744817956474], [4.034362230223601, 51.98744431384331], [4.034404759011871, 51.98744219987707], [4.034404983506837, 51.98744219077393], [4.034405180375016, 51.987442180454096], [4.034475787995481, 51.98743759386007], [4.034638192725037, 51.98742704533543], [4.034661461152019, 51.98742553312875], [4.03468765597354, 51.987423831646645], [4.034688083375129, 51.987423805100654], [4.034695955254863, 51.98742329337118], [4.034713913514084, 51.98742212638555], [4.03471404334903, 51.98742211799085], [4.034714098819495, 51.98742211323534], [4.034714378974727, 51.98742209308589], [4.034714578916178, 51.987422077407196], [4.034714808156805, 51.98742205577314], [4.034715240548236, 51.987422008609165], [4.034765533199492, 51.98741639710392], [4.034786894331497, 51.98741401434759], [4.03485099674346, 51.98740686267861], [4.034851093184043, 51.98740685120297], [4.034851145770579, 51.987406845515245], [4.034870345639962, 51.9874048684713], [4.034886533949274, 51.987403201075594], [4.034913776864826, 51.98740039513149], [4.035074939888258, 51.987383793638166], [4.035294858983896, 51.987361142649995], [4.0353639366594685, 51.98735402723313], [4.035364167409223, 51.987354003817295], [4.035364263876436, 51.98735399144251], [4.035364538587979, 51.98735395864395], [4.035422527611071, 51.98734674446732], [4.035481150916336, 51.987339450358505], [4.035484066520753, 51.987339087451055], [4.035484217029886, 51.987339069404854], [4.035548851357378, 51.987331024546826], [4.035577218104691, 51.98732749694674], [4.035577517694553, 51.987327459939], [4.035577668176474, 51.98732744279135], [4.035577828819599, 51.9873274266596], [4.035578110564775, 51.987327402031745], [4.035582362666921, 51.98732704190074], [4.035694088052816, 51.98731757683465], [4.035716828704603, 51.987315650241094], [4.0357324460354995, 51.9873143267478], [4.035735384422906, 51.987314077360665], [4.035735588757144, 51.98731406083192], [4.035735966806549, 51.987314029220265], [4.035736050039073, 51.98731402118769], [4.035736125994188, 51.987314013071526], [4.035736234186124, 51.98731399813443], [4.035736462186913, 51.9873139692928], [4.035737128913188, 51.987313876276566], [4.035959109232054, 51.9872812130345], [4.0362795780782985, 51.98723405678362], [4.036279738964562, 51.987234032563414], [4.036279845727708, 51.98723401671042], [4.036280016856382, 51.98723399080986], [4.036280205694223, 51.9872339570226], [4.03628044426143, 51.987233915716295], [4.036653593910754, 51.98716688080001], [4.036654814803229, 51.98716666110322], [4.0366552803466815, 51.98716657655806], [4.036655385816573, 51.987166555296334], [4.036655733115836, 51.98716648107908], [4.037068089572345, 51.987077479586425], [4.0370681994622295, 51.98707745657728], [4.037068288813543, 51.98707743872592], [4.037068376763371, 51.9870774190604], [4.037068499752515, 51.987077396201805], [4.037505560669479, 51.9869924613464], [4.037505667620924, 51.986992439202105], [4.0375057276734765, 51.986992427306454], [4.037505888747422, 51.98699239679421], [4.037506060253029, 51.98699235831131], [4.037506214157892, 51.986992324120955], [4.037506290382637, 51.98699230701737], [4.037548541398116, 51.98698280855144], [4.037945422610902, 51.98689358862043], [4.037961032651022, 51.98689008036025], [4.037961169035797, 51.98689004776619], [4.037961322966892, 51.986890012676675], [4.037961468138398, 51.98688997838555], [4.037961563472948, 51.98688995520858], [4.03800095545318, 51.98688019274939], [4.038111767578205, 51.98685272742147], [4.038271883178708, 51.98681304402843], [4.038479214673135, 51.98676165777985], [4.038479351030126, 51.986761626083826], [4.038690964041339, 51.98671101311388], [4.038702652033406, 51.986708217567575], [4.0389023479351485, 51.98666045017685], [4.038902427096713, 51.98666043220722], [4.0389025869292885, 51.98666039448729], [4.038902834953103, 51.9866603290132], [4.039607700518726, 51.98647709717899], [4.040394485072416, 51.98627256041757], [4.040538744677136, 51.98623505769122], [4.041041086510129, 51.9861044604492], [4.041041177502318, 51.98610443632125], [4.041041253805268, 51.986104416519744], [4.041226659681026, 51.98605818901916], [4.04122682837728, 51.98605814690327], [4.041226888535622, 51.9860581314115], [4.041227033648101, 51.98605809891387], [4.041378042070864, 51.98602339257657], [4.04137821648064, 51.98602335412164], [4.04137849056112, 51.98602329343574], [4.041378708795792, 51.98602325008897], [4.041378842049041, 51.986023224646814], [4.041378924038645, 51.98602320940476], [4.041379172837249, 51.98602316640789], [4.041379421636012, 51.98602312341101], [4.041394789554306, 51.986020630435995], [4.041482675249691, 51.986006370976526], [4.041483152228157, 51.98600629283655], [4.04149238841608, 51.98600479668107], [4.041492580021399, 51.9860047674121], [4.0414928360430915, 51.98600472629542], [4.041492996868616, 51.986004703865454], [4.041493216099985, 51.98600467581155], [4.04149350829181, 51.986004642300436], [4.041493626559173, 51.98600463106925], [4.041539968903349, 51.98599972844048], [4.041586284958962, 51.985994828189384], [4.0415949154328965, 51.985993915685], [4.0415950614881835, 51.98599390027731], [4.041595790309718, 51.98599382322167], [4.041596400836814, 51.985993758295784], [4.041596847762373, 51.98599371127379], [4.041597113810212, 51.98599367566529], [4.041597163537712, 51.985993668144125], [4.0415973029360694, 51.98599363198495], [4.0415974056789645, 51.98599360439532], [4.041598411196127, 51.98599333094584], [4.041598496365973, 51.985993306750856], [4.041599162766777, 51.98599312650357], [4.041600658469058, 51.98599272292733], [4.041684341054629, 51.98597001028288], [4.041684873878293, 51.985969866261016], [4.041691331072168, 51.98596811445218], [4.041694303606788, 51.98596730528355], [4.041701324342132, 51.985972441177275], [4.041702318691317, 51.98597317079673], [4.0417030937031235, 51.98597373789772], [4.0418656061175895, 51.9860926437582], [4.041888476278185, 51.98610937643183], [4.041888630149649, 51.98610948876013], [4.041889883840808, 51.98611040652383], [4.041890016285061, 51.98611050512318], [4.0418900972228, 51.98611062201027], [4.0418903837258195, 51.9861110693567], [4.04189089692478, 51.9861118707759], [4.0420543725832685, 51.986367713073555], [4.042261213326523, 51.986691415079015], [4.042775547660581, 51.98749631342218], [4.0433813771914515, 51.98844434354326], [4.04429340509959, 51.98987146708763], [4.044294633255004, 51.989873388632226], [4.0446467580543235, 51.9904243539975], [4.0456008649409005, 51.991917163513214], [4.045927879848371, 51.992428790599085], [4.04630055467489, 51.99301183185535], [4.046480327582645, 51.9932930784002], [4.046942837838296, 51.994016642851435], [4.047032867131485, 51.9941574829783], [4.04714159280239, 51.99432756861591], [4.047142826727588, 51.99432950008089], [4.047142885100975, 51.994329593335145], [4.0471470070825815, 51.99433604244015], [4.047145897085484, 51.99433654217584], [4.047145210729865, 51.99433685077442], [4.047141270938841, 51.99433863068675], [4.04713795404833, 51.9943401300427], [4.04707755738923, 51.994367343361446], [4.047077194290576, 51.99436750642271], [4.047077114608086, 51.99436754147148], [4.047074543077027, 51.99436870683127], [4.04707432724065, 51.9943688149388], [4.047074197290847, 51.994368924025125], [4.047072447164137, 51.9943706704616], [4.047072170961962, 51.99437094687857], [4.0470633753929235, 51.994379720797504], [4.047063247763598, 51.99437984968664], [4.047050573547988, 51.994392498701124], [4.047050442926607, 51.994392630252875], [4.047050243301628, 51.99439282933638], [4.0470489704833135, 51.994394099390014], [4.047048883285951, 51.994394190985155], [4.047048835774114, 51.99439431898966], [4.047048253035451, 51.99439603288597], [4.047048217733256, 51.99439614215218], [4.04701600583941, 51.99449097632478], [4.046986385162375, 51.994578184797525], [4.046986251064489, 51.99457857879507], [4.04698619034882, 51.99457875878635], [4.046986180728095, 51.99457878834126], [4.046986161459954, 51.99457884834946], [4.046985353746447, 51.99458121949047], [4.046985318094616, 51.9945813404387], [4.046985359407649, 51.99458146855668], [4.046986303398659, 51.994583843483156], [4.0469865539575585, 51.99458447378715], [4.047000388882691, 51.9946193254006], [4.047001832484238, 51.994622962715546], [4.047001980090939, 51.994623334754095], [4.047002172432666, 51.99462381787008], [4.047002358032947, 51.99462428293068], [4.047002423717094, 51.99462442391125], [4.04700249683568, 51.99462451104127], [4.047003286142826, 51.9946253865992], [4.047003408761034, 51.99462552283518], [4.047003582146586, 51.994625714484116], [4.0470186319693475, 51.994642428894444], [4.047044089347596, 51.994670689928235], [4.047044185220675, 51.99467079529595], [4.047045371987688, 51.994672112260155], [4.047045491990275, 51.99467223857817], [4.047045607888723, 51.99467230731834], [4.047047446005008, 51.99467336652394], [4.0470475747633365, 51.99467344350102], [4.047069713664395, 51.99468620433678], [4.04710443302009, 51.99470621722911], [4.047116897513505, 51.99471340234579], [4.0471170663874805, 51.99471350135411], [4.047117686318832, 51.994713856302454], [4.047118288996537, 51.99471420386283], [4.047118445252388, 51.99471428654668], [4.047119244876014, 51.9947145734271], [4.047119927848829, 51.994714816728596], [4.047120223289568, 51.9947149198761], [4.047207478086606, 51.99474600661121], [4.047208110540022, 51.99474623495371], [4.047211209937377, 51.99474733639702], [4.047211346914615, 51.99474738200522], [4.047211496316474, 51.99474740168635], [4.047212767759332, 51.994747493483125], [4.047215107220762, 51.99474766217361], [4.047215252497037, 51.99474767371734], [4.047215755315815, 51.99474770821295], [4.0472451195176, 51.994749814621954], [4.047274434335052, 51.99475191686503], [4.047275006894179, 51.99475195664975], [4.047275200182305, 51.9947519696393], [4.047275312326131, 51.99475196911949], [4.047275561038992, 51.99475197914512], [4.047276197026295, 51.994751991786124], [4.047338615245896, 51.99475270395759], [4.047339582110768, 51.994752705985725], [4.047339814998617, 51.99475270953842], [4.047340068776833, 51.99475269624957], [4.0473410055223304, 51.994752634111116], [4.047419563890243, 51.99474707678969], [4.047420257074402, 51.99474702715692], [4.047423762325968, 51.994746778542684], [4.0474239945368335, 51.99474675601874], [4.047424075299558, 51.99474673356702], [4.047426991000625, 51.99474569797025], [4.047427258867794, 51.99474560303985], [4.047427751956986, 51.99474542707587], [4.047427915394256, 51.99474536691239], [4.047516541480068, 51.994713897733526], [4.047521847410597, 51.994712013816866], [4.04752242142249, 51.994711810008994], [4.047523141161299, 51.99471155392606], [4.047523803509504, 51.99471131786449], [4.047523924274371, 51.99471127249641], [4.047524057571005, 51.994711197606655], [4.047525078112505, 51.99471057279691], [4.047525423818454, 51.99471035829755], [4.04752564337229, 51.9947102232638], [4.047530320851892, 51.994707343371786], [4.047594465621829, 51.99466785907974], [4.047594648111288, 51.99466774609674], [4.047595272726281, 51.99466735948483], [4.047596831784604, 51.99466640281475], [4.047596959553396, 51.99466631797392], [4.047597007639742, 51.994666268181994], [4.047597058932825, 51.99466620853866], [4.047598353224223, 51.99466446319377], [4.04759845955402, 51.994664316082876], [4.047644373347269, 51.99460233167922], [4.047655386700438, 51.99458746311865], [4.0476649812911285, 51.99457450927996], [4.047665110315275, 51.99457433366204], [4.047665229041937, 51.994574161522586], [4.047674082651858, 51.99456105361617], [4.047697385748956, 51.99452656134597], [4.047697475662718, 51.99452642753194], [4.0476975593239075, 51.99452630802935], [4.047697600238752, 51.994526254559986], [4.04769769729674, 51.99452612532203], [4.047697810663001, 51.9945259863816], [4.04769783335763, 51.9945259578746], [4.04772899334661, 51.99448798098762], [4.047759725694363, 51.994450522394295], [4.047771028121923, 51.99443674750943], [4.047774154816697, 51.99443293753598], [4.047774209101112, 51.99443287522971], [4.047774446102958, 51.99443259476894], [4.047774541114128, 51.99443248528377], [4.0477746118409765, 51.99443240878203], [4.0477746657765845, 51.994432358157965], [4.047774952084325, 51.99443208455106], [4.047774986558815, 51.9944320516838], [4.04785255399534, 51.99435936743294], [4.0478526004107085, 51.99435932481345], [4.047852754669835, 51.994359181844004], [4.04785329555971, 51.994358672922395], [4.047853395614981, 51.994358589563404], [4.047853538100539, 51.99435849949641], [4.047854434122351, 51.994357947876054], [4.047925057536675, 51.99431448756018], [4.047925232503714, 51.99431438258135], [4.047926312520196, 51.99431371619626], [4.047926462122849, 51.994313631603795], [4.047926677124984, 51.99431355135178], [4.04792817071444, 51.994313030808144], [4.047982445631811, 51.99429408214463], [4.048022754005115, 51.99428001284911], [4.048022874687856, 51.99427997017642], [4.0480235516109735, 51.99427973337918], [4.048023863413709, 51.994279629958584], [4.048024018952732, 51.99427959037962], [4.04802459639096, 51.99427946661238], [4.048025037643865, 51.99427936826191], [4.048162783773625, 51.99424908548848], [4.048175482186053, 51.994246293318824], [4.048175669723313, 51.994246255003006], [4.048175863137256, 51.99424621495617], [4.048496265782415, 51.99418202338624], [4.048496508984558, 51.99418197401761], [4.048496667192925, 51.99418194255876], [4.049692797264773, 51.993923235265235], [4.049693188588058, 51.993923150723326], [4.049693267731368, 51.99392313364512], [4.049693392188914, 51.99392311078989], [4.049693635200727, 51.993923067709176], [4.049694002455647, 51.993923008962305], [4.049836598750036, 51.99390047509563], [4.049836780220701, 51.993900444798534], [4.049837238237335, 51.99390037000395], [4.0498374549392935, 51.99390033021928], [4.049837567670625, 51.99390030992745], [4.049838186206811, 51.99390017493288], [4.049838293196015, 51.99390015187891], [4.0501573507860416, 51.99382864937706], [4.050255500947453, 51.993806653239545], [4.0502555976657995, 51.993806632765136], [4.050944748940746, 51.993656514407206], [4.050944863287529, 51.99365648873899], [4.050944982001215, 51.99365646312055], [4.051287467774026, 51.99358445705792], [4.053014631829483, 51.9932213079806], [4.053014690457322, 51.99322129516207], [4.053820664121426, 51.9930480511965], [4.053820828278339, 51.99304801530331], [4.053820938201331, 51.99304799138009], [4.0540610875218785, 51.99299969711127], [4.054628961148368, 51.992885493804465], [4.054629157515247, 51.99288545198274], [4.055382761077076, 51.99272688285246], [4.055382907550007, 51.99272685394838], [4.055383020382752, 51.99272683005663], [4.056138767007771, 51.99257746019296], [4.056138887144689, 51.99257743548439], [4.056139083455648, 51.99257739545743], [4.056771188088262, 51.99244508203926], [4.056882532785323, 51.99242177438225], [4.056882696830737, 51.992421742079244], [4.05775052672091, 51.99224916683917], [4.057750744970144, 51.99224912346194], [4.05861084475323, 51.99206893146998], [4.05861109534442, 51.99206887766957], [4.058611249091416, 51.99206884884357], [4.058611496504873, 51.99206880399653], [4.0586116897139055, 51.992068770222936], [4.058772216327311, 51.992041762839335], [4.058772593957598, 51.99204169699021], [4.058772782799418, 51.99204166316696], [4.0587729658985205, 51.99204162658201], [4.05877327503402, 51.9920415626558], [4.058773359993359, 51.992041545637214], [4.059464140442265, 51.99189458839842], [4.059464237125755, 51.99189456881504], [4.059464357259208, 51.991894544102905], [4.059464446664635, 51.991894524437505], [4.059464531623442, 51.991894507418415], [4.059662524583977, 51.99185627999923], [4.060356784904454, 51.991722231208186], [4.060356919646323, 51.99172220486229], [4.0603570602639225, 51.9917221767848], [4.061080125981317, 51.991574718725765], [4.061289616926233, 51.99153199603363], [4.0613357622637825, 51.99152269211466], [4.061655055459342, 51.99145831594091], [4.061655178554746, 51.99145828946223], [4.061655402512898, 51.991458249737825], [4.061771684295733, 51.99143676133939], [4.061771958143005, 51.99143670869348], [4.0617720123195244, 51.99143669851714], [4.061772113394675, 51.991436678082565], [4.061772375623587, 51.99143662440669], [4.063043233704548, 51.99116710918626], [4.063043361218167, 51.99116708095792], [4.063248453214649, 51.99112487248857], [4.064632041797488, 51.99084011445926], [4.064632220546709, 51.99084007691759], [4.0646323406215945, 51.9908400539975], [4.064632513389512, 51.990840021782006], [4.0646327549149595, 51.990839978653945], [4.064632974368218, 51.99083994336789], [4.064756019266998, 51.99082014078679], [4.064756175864157, 51.99082011378273], [4.064756515418217, 51.9908200546777], [4.064756711581523, 51.990820019129394], [4.0647569662868595, 51.99081997345269], [4.064757379468891, 51.99081988641023], [4.065496515654929, 51.990661999255416], [4.065586574547031, 51.99064276166817], [4.065586729846425, 51.99064272925492], [4.065586869028298, 51.99064270025621], [4.066241482649466, 51.99051161966274], [4.066241617437256, 51.99051159151274], [4.066241741982856, 51.99051156504565], [4.067619730706307, 51.99022024518618], [4.06779056670124, 51.990184691022534], [4.06846525248648, 51.990044278707984], [4.068465371233847, 51.99004425127451], [4.068465506018862, 51.990044223122034], [4.06846558072885, 51.99004420777944], [4.069081886762751, 51.98990858188764], [4.069082257478893, 51.989908502444436], [4.069082412826041, 51.98990846822928], [4.069082639681051, 51.98990842852338], [4.069082992375561, 51.98990836775538], [4.0692111712194965, 51.989887073772046], [4.069211456508529, 51.98988702752968], [4.069211591187078, 51.98988700297075], [4.069211687835696, 51.98988698427802], [4.069212008560183, 51.98988692135351], [4.06937045418623, 51.98985527205324], [4.069370646027931, 51.98985523465111], [4.069370754400179, 51.98985521339294], [4.069370868726957, 51.989855187706766], [4.0693710548518025, 51.98985514664498], [4.070562198664548, 51.989588561504426], [4.070562496122316, 51.989588497416754], [4.070562693995108, 51.98958845288886], [4.070562803742757, 51.98958843434171], [4.070563152145237, 51.98958837082453], [4.070683975497855, 51.98956700636278], [4.070684246306926, 51.989566957258], [4.070684460032385, 51.989566918300945], [4.070684550884077, 51.989566898643126], [4.070684619770126, 51.98956688323397], [4.070684849744246, 51.989566836368645], [4.07207296247344, 51.98927384872703], [4.073075787353749, 51.98906217078406], [4.073261671826527, 51.989023215445854], [4.073305251690675, 51.98901408226156], [4.073768185627994, 51.98891706679418], [4.083346910448694, 51.98690917953885], [4.083347062863709, 51.98690914527246], [4.08334724454504, 51.986909105937016], [4.083679608805588, 51.98683466726142], [4.083680117278167, 51.98683455514064], [4.0836802315628375, 51.98683453033909], [4.083680475907517, 51.98683448900113], [4.083680869468547, 51.98683442324893], [4.083749857497534, 51.986823221694415], [4.083761188721421, 51.98682138228046], [4.083761375910734, 51.98682135379259], [4.083765811301691, 51.986820632591275], [4.083766006832023, 51.98682061767956], [4.083766102345113, 51.98682063761567], [4.083766190554627, 51.98682065836966], [4.083770551530667, 51.986821796201376], [4.083813358116466, 51.98683295705685], [4.083856069341322, 51.986844093467504], [4.083856143048236, 51.9868441122628], [4.083856218210922, 51.986844131074356], [4.083860505458243, 51.98684525100596], [4.083860667270574, 51.98684529414977], [4.083860822646087, 51.98684545857599], [4.083863115064717, 51.98684798746963], [4.083865655682388, 51.98685079328378], [4.083883777454098, 51.98687079639011], [4.083886800596601, 51.986874132519745], [4.08388693034811, 51.98687427688577], [4.083887336625005, 51.986874725453916], [4.083889250886866, 51.986876840249266], [4.083889290491292, 51.98687688024055], [4.083889373961866, 51.98687696386608], [4.083889493199694, 51.98687701912282], [4.08388954348852, 51.98687704215312], [4.083892764249453, 51.986878437915024], [4.083893667269756, 51.986878827267425], [4.083941571663629, 51.986899591973426], [4.083944732054846, 51.986900960996074], [4.083944806799666, 51.98690099418563], [4.0839494711866635, 51.98690301451366], [4.083950257671908, 51.98690335583036], [4.08395042735557, 51.98690342872545], [4.083950546965943, 51.986903421062244], [4.083950611137809, 51.986903417279], [4.0839572367952135, 51.986902928896576], [4.083957319966554, 51.98690292262708], [4.0839589103571, 51.98690280541786], [4.0839611704323575, 51.98690263989868], [4.084038533400664, 51.986896939783165], [4.084039745881408, 51.98689685074535], [4.084040172004431, 51.98689681681477], [4.084040345702761, 51.986896801660635], [4.084040634103639, 51.98689674732643], [4.084040723436279, 51.98689672943935], [4.084040846453882, 51.98689670473421], [4.084041915639028, 51.986896486461944], [4.084042084037648, 51.98689645327064], [4.084043453502758, 51.986896172705634], [4.084226906944834, 51.98685875602418], [4.084227059280532, 51.986858724452354], [4.084227255463609, 51.98685868707416], [4.084410766866965, 51.98682437650637], [4.084419654187136, 51.9868227149027], [4.084419939571713, 51.986822664129924], [4.084420261865253, 51.986822595787665], [4.085602267475162, 51.98657317814406], [4.0856025486729814, 51.986573121029615], [4.085602690766342, 51.98657309114065], [4.085602859058291, 51.986573061541606], [4.085603116603484, 51.986573016750086], [4.085813692322262, 51.98653727680022], [4.085813958625758, 51.98653723120624], [4.085814011309411, 51.98653722190132], [4.0858141005624065, 51.98653720670881], [4.085814186956735, 51.98653718968667], [4.08581440808863, 51.98653714539072], [4.0858145340151175, 51.98653712071595], [4.086986967003241, 51.98629997685452], [4.086987088588207, 51.98629995123168], [4.086987199854716, 51.986299929989215], [4.0869873476641745, 51.986299903757434], [4.086987475018817, 51.98629987999615], [4.087341340083481, 51.986237038356265], [4.087341542109257, 51.986237000138715], [4.087341686981183, 51.98623697477283], [4.087341735297781, 51.986236965418954], [4.087341848071652, 51.98623694239502], [4.087342031176294, 51.986236903968134], [4.087467228200306, 51.98621126932921], [4.087938999419447, 51.98611467244343], [4.087939129762246, 51.98611464601749], [4.087939198637247, 51.98611463059807], [4.088576770232039, 51.985978534709616], [4.08857709399474, 51.98597846547355], [4.088577253627931, 51.985978433077825], [4.08857746877634, 51.98597839410412], [4.088577751109919, 51.98597834778223], [4.088803605372565, 51.98594091323633], [4.088803902364293, 51.98594086348003], [4.088803988678157, 51.98594084915178], [4.088804184827389, 51.98594081266441], [4.088804275585677, 51.985940795688464], [4.088804432281549, 51.98594076415893], [4.088804596332902, 51.985940730014036], [4.08880478673828, 51.98594069076661], [4.089246056480377, 51.98584731603653], [4.089246161922873, 51.98584729472763], [4.090121838361626, 51.985658434873244], [4.090122167993579, 51.98565836389974], [4.090151316539178, 51.98565207753958], [4.090151685727851, 51.98565199801329], [4.090151760397215, 51.985651983555506], [4.09015181310511, 51.98565197334992], [4.090151937519505, 51.985651950451754], [4.090151990201243, 51.985651941144845], [4.090152310580542, 51.98565188804757], [4.090152484661941, 51.985651859404975], [4.090152641174044, 51.98565183416406], [4.090155362435992, 51.985651425513886], [4.090281578319044, 51.9856324825715], [4.090281670453828, 51.98563246830626], [4.090281921959259, 51.98563243062945], [4.09028230214131, 51.98563237369685], [4.090282476248544, 51.98563234415532], [4.0902825626133295, 51.98563232802853], [4.090282824878646, 51.985632270694325], [4.090283076903947, 51.98563221504475], [4.090283356764535, 51.98563215340995], [4.091051410751421, 51.985464128299576], [4.091051527965504, 51.985464102624405], [4.091614584957361, 51.985344294129916], [4.091614772473049, 51.985344253947275], [4.0916148910899865, 51.985344230084735], [4.091615033045906, 51.98534420468147], [4.091721872782693, 51.98532398686899], [4.091757485045646, 51.9853172472662], [4.091757695821961, 51.98531720823856], [4.091757742681208, 51.98531719886682], [4.091757815868255, 51.98531718529047], [4.09175788614428, 51.98531717168216], [4.091758152772111, 51.9853171143926], [4.092052559922488, 51.98525363500431], [4.092234070866481, 51.98521449819317], [4.092234177839391, 51.985214474201776], [4.092493803813388, 51.985157451368664], [4.092652232245567, 51.985122654084726], [4.092664147072433, 51.98512003729131], [4.092883110455731, 51.985071943361], [4.093122644407752, 51.98501933006978], [4.0931227293408865, 51.98501931302633], [4.093122962309061, 51.985019261655644], [4.093123091164296, 51.98501923610645], [4.093123186285459, 51.98501921917516], [4.093123285824668, 51.98501920049463], [4.093132035117794, 51.98501755559658], [4.093138032422897, 51.98501642784723], [4.0933354726837035, 51.984979326324705], [4.093335591272849, 51.98497930335906], [4.093335736189347, 51.98497927618862], [4.0933359486255885, 51.98497922998493], [4.093336146326089, 51.98497918991168], [4.093336301637961, 51.98497915566427], [4.093336436444325, 51.984979125685726], [4.093402853608387, 51.9849640968038], [4.093439571732805, 51.98495579486504], [4.0940490911839005, 51.984817981904925], [4.0941858261774176, 51.98478706818745], [4.094185996171617, 51.984787029605855], [4.094590394345689, 51.9846922550431], [4.094590645008495, 51.984692195773896], [4.094590883820915, 51.98469214356563], [4.09459112684408, 51.98469209679722], [4.094591364045714, 51.984692049964664], [4.09462493447748, 51.984685806624036], [4.094748771060139, 51.98466277416242], [4.09475507967929, 51.98466160121209], [4.094755368078786, 51.98466154595291], [4.09475569307091, 51.984661483904695], [4.094756000857082, 51.98466141267824], [4.094756292504335, 51.98466134576893], [4.094805667682835, 51.98464975318402], [4.094805981368075, 51.98464967932546], [4.095018342113597, 51.98459981531637], [4.095210188626535, 51.984554771105635], [4.095210390896765, 51.98455472388808], [4.095274803008999, 51.98453996496985], [4.096039471962855, 51.984364757222224], [4.096041667318369, 51.98436425456761], [4.096041796195853, 51.98436422811653], [4.0960420270292435, 51.98436420008841], [4.0960442137886215, 51.98436394543971], [4.096130183493894, 51.98435394972806], [4.096131179726747, 51.98435383392099], [4.096131252807336, 51.98435382393649], [4.096131587413894, 51.98435378176624], [4.0961317791065985, 51.9843537479146], [4.096131982468216, 51.98435371329234], [4.0961323636412565, 51.98435362129421], [4.09613322399052, 51.9843534212948], [4.096133322175344, 51.98435339900112], [4.096419238183014, 51.98428575332743], [4.096449227776824, 51.98440916818224], [4.0964821251724794, 51.984604556840026], [4.0966310925755485, 51.984782192299896], [4.097016350710342, 51.98504804228038], [4.097805973626154, 51.985451516461254], [4.098458482079832, 51.98580115661439], [4.099489675249581, 51.98637850988599], [4.100369311731449, 51.98686857257713], [4.101667671838212, 51.98753444810411], [4.102611468304605, 51.98801911600318], [4.102969163098294, 51.98820279808495], [4.103011602666257, 51.98822459093545], [4.105297612375659, 51.989381639268885], [4.106199400166715, 51.98984278335828], [4.106420348878217, 51.989955766837056], [4.10677083135497, 51.99013498533132], [4.108546241331333, 51.99110089567582], [4.110138618477066, 51.99200295327621], [4.111298076318707, 51.99268623971028], [4.112790288832615, 51.99359193076696], [4.114062100307175, 51.994395572490795], [4.114452412881709, 51.994642198966275], [4.114735719324119, 51.99482120729607], [4.116053049453046, 51.99564885548233], [4.116998338914098, 51.99628220158598], [4.118131266270258, 51.9970935630253], [4.119433183969062, 51.99792576290601], [4.120745135302567, 51.99867718915547], [4.122330722486873, 51.99956473092054], [4.123601836520632, 52.000401305932726], [4.124453253660067, 52.001001526105455], [4.124587242148554, 52.00109598146601], [4.1249242501308325, 52.00133355231863], [4.125302484457526, 52.00164037851415], [4.126002815777472, 52.00133918815696], [4.126132224588722, 52.001283530706125], [4.128416359181561, 52.0003011174089], [4.128457857139552, 52.000283268658706], [4.1287223080979025, 52.00016952755114], [4.130664480752976, 51.99933683803694], [4.13066552728855, 51.99933639077225], [4.130881372264415, 51.999243843298466], [4.131088283591884, 51.99915512827057], [4.132516857790568, 51.998542589734875], [4.132517257237467, 51.998542418708084], [4.130986880740297, 51.99717913585695], [4.1310262117383205, 51.99713141933127], [4.1311628362009625, 51.99696569028223], [4.1313867696930355, 51.99669311409476], [4.131853252023469, 51.996113694980686], [4.131882305690599, 51.996077743073215], [4.132254883653901, 51.99561675818567], [4.132321346428618, 51.99553451596757], [4.132340840003044, 51.995509725282744], [4.132343738721597, 51.995506052703384], [4.132362913989691, 51.9954598556183], [4.132374327968672, 51.9954391406848], [4.132390103770065, 51.99542231061545], [4.132444630687851, 51.995375771483296], [4.132824519465736, 51.995052269886976], [4.132958044636222, 51.994938561500994], [4.1329879646435135, 51.99491270431022], [4.133002887486077, 51.994899802283086], [4.13330225129945, 51.99463686297845], [4.133610329957102, 51.99436625822014], [4.133869932744426, 51.994138238825165], [4.133912111949816, 51.99410250717321], [4.133993412818974, 51.994033627073314], [4.134021408259038, 51.9940098975104], [4.134063479052821, 51.99397386801039], [4.134331253656226, 51.99374454136003], [4.134428790686226, 51.99366101988588], [4.134436294735882, 51.99365459170926], [4.134717133350867, 51.9934114882271], [4.134801424469116, 51.993339726954105], [4.134807301528401, 51.993334719684746], [4.135119197409542, 51.99307068673877], [4.135291208252931, 51.99293047208098], [4.135395164014718, 51.99284066285084], [4.135523806895984, 51.99273602355732], [4.13555401235512, 51.992712353107905], [4.135566773581028, 51.99270276270853], [4.135596158878785, 51.99268499833655], [4.135640834524136, 51.99266041212905], [4.135687678079831, 51.99263536355985], [4.135726381685611, 51.99261814775041], [4.135857096178252, 51.99255870925461], [4.135912438743323, 51.99253642975469], [4.136005211070352, 51.9925029164955], [4.136170350026821, 51.99244755630367], [4.136228192162038, 51.992429096632144], [4.136623657866338, 51.99230221393565], [4.137030566502644, 51.992171667135594], [4.137390027572911, 51.992054377098555], [4.137888438585706, 51.99189173770357], [4.137895565399927, 51.99188941331182], [4.138610518957121, 51.99164792611756], [4.138613059872063, 51.9916470703612], [4.138620191003211, 51.991644657878794], [4.139742610804772, 51.99129253593139], [4.141387269732564, 51.990756470389876], [4.14239254752258, 51.990424825661194], [4.14239686719259, 51.99042342412719], [4.143256373080508, 51.99014350780093], [4.143293194318138, 51.99013150120402], [4.1434886162290745, 51.99006612231953], [4.143856268227831, 51.98994308279707], [4.144356041378042, 51.98977630386977], [4.144498299495706, 51.98973041628112], [4.144941024395534, 51.98958191829735], [4.145415089078602, 51.989429398763356], [4.145929043628945, 51.989264830383924], [4.1462620383355375, 51.989156726109115], [4.146849264695682, 51.9889680178997], [4.146929591508627, 51.98894170880808], [4.14728527906556, 51.988825220382374], [4.147355845493534, 51.9888048757527], [4.148184692932703, 51.98853358964726], [4.1481872348796385, 51.98853275346854], [4.148225406246752, 51.988520265160425], [4.149453523716083, 51.98812570053032], [4.150066111819921, 51.98792548551913], [4.150606560573352, 51.98775505391764], [4.150971426714163, 51.98763606206093], [4.150957676955578, 51.98761830798311], [4.149977765730457, 51.98639500306757], [4.148968874214674, 51.98510118864955], [4.148994106179898, 51.98509374161005], [4.149005056088545, 51.98509051292922], [4.149076671306304, 51.985069378303706], [4.149206705735052, 51.98503100614476], [4.1492233214953425, 51.98502610217897], [4.149229823676843, 51.98502419300981], [4.149285351364051, 51.98500780598069], [4.14928626142731, 51.985007536896106], [4.149954453788741, 51.98481037073193], [4.149306449510617, 51.98398393854481]]]]}, "properties": {"key": "rotterdam", "source_names": ["CBS 2024, gemeente Rotterdam (GM0599), суша"]}}]}